  ✓ 6905 コーセル株式会社          28件
  ✓ 3544 サツドラホールディングス株式会社  16件
  ✓ 1757 株式会社創建エース         18件
  ✓ 9278 ブックオフグループホールディング  20件
  ✓ 2791 大黒天物産株式会社          8件
  ✓ 3549 株式会社クスリのアオキホールディ   8件
  ✓ 3160 株式会社大光            20件
  ✓ 2168 株式会社パソナグループ       30件
  ✓ 4057 株式会社インターファクトリー    16件
  ✓ 4716 日本オラクル株式会社        18件
  ✓ 7921 株式会社ＴＡＫＡＲＡ　＆　ＣＯＭ  16件
  ✓ 3148 株式会社クリエイトＳＤホールディ   8件
  ✓ 3321 ミタチ産業株式会社         16件
  ✓ 7420 佐鳥電機株式会社          24件
  ✓ 7370 株式会社Ｅｎｊｉｎ         16件
  ✓ 5885 株式会社ジーデップ・アドバンス    6件
  ✓ 137A Ｃｏｃｏｌｉｖｅ株式会社       6件
  ✓ 1887 日本国土開発株式会社        20件
  ✓ 2459 アウンコンサルティング株式会社    8件
  ✓ 2303 株式会社ドーン            6件
  ✓ 3892 株式会社岡山製紙          14件
  ✓ 2722 株式会社ＩＫホールディングス    18件
  ✓ 2792 株式会社ハニーズホールディングス  16件
  ✓ 8908 株式会社毎日コムネット       16件
  ✓ 189A 株式会社Ｄ＆Ｍカンパニー       8件
  ✓ 7487 小津産業株式会社          12件
  ✓ 9765 株式会社オオバ            8件
  ✓ 3297 株式会社東武住販          12件
  ✓ 2796 ファーマライズホールディングス株  24件
  ✓ 1377 株式会社　サカタのタネ       20件
  ✓ 5575 株式会社Ｇｌｏｂｅｅ         6件
  ✓ 4443 Ｓａｎｓａｎ株式会社        16件
  ✓ 7068 フィードフォースグループ株式会社  20件
  ✓ 7725 株式会社インターアクション     20件
  ✓ 9812 株式会社テーオーホールディングス  28件
  ✓ 4465 株式会社ニイタカ          16件
  ✓ 4885 室町ケミカル株式会社        18件
  ✓ 6505 東洋電機製造株式会社        20件
  ✓ 4834 キャリアバンク株式会社       22件
  ✓ 1376 カネコ種苗株式会社         24件
  ✓ 2934 ジェイフロンティア株式会社     20件
  ✓ 4825 株式会社ウェザーニューズ       8件
  ✓ 5932 三協立山株式会社          24件
  ✓ 6552 株式会社ＧａｍｅＷｉｔｈ      16件
  ✓ 8940 株式会社インテリックス       16件
  ✓ 1430 ファーストコーポレーション株式会  16件
  ✓ 9265 ヤマシタヘルスケアホールディング  20件
  ✓ 3791 株式会社ＩＧポート         24件
  ✓ 2153 Ｅ・Ｊホールディングス株式会社    6件
  ✓ 3021 株式会社パシフィックネット     20件
  ✓ 340A 株式会社ジグザグ           6件
  ✓ 4076 株式会社シイエヌエス         8件
  ✓ 5595 株式会社ＱＰＳ研究所         6件
  ✓ 7713 シグマ光機株式会社         12件
  ✓ 6496 株式会社中北製作所          4件
  ✓ 3501 ＳＵＭＩＮＯＥ株式会社       20件
  ✓ 3824 メディアファイブ株式会社      10件
  ✓ 4577 ダイト株式会社            8件
  ✓ 6047 株式会社Ｇｕｎｏｓｙ         8件
  ✓ 1419 タマホーム株式会社         24件
  ✓ 402A 株式会社アクセルスペースホールデ  16件
  ✓ 3645 株式会社メディカルネット      28件
  ✓ 1401 株式会社エムビーエス        14件
  ✓ 4198 株式会社テンダ           20件
  ✓ 6083 ＥＲＩホールディングス株式会社   20件
  ✓ 6489 前澤工業株式会社          20件
  ✓ 9651 日本プロセス株式会社        28件
  ✓ 4829 日本エンタープライズ株式会社    16件
  ✓ 205A 株式会社ロゴスホールディングス    8件
  ✓ 6578 株式会社コレックホールディングス  20件
  ✓ 7434 株式会社オータケ           4件
  ✓ 2462 ライク株式会社           20件
  ✓ 5967 ＴＯＮＥ株式会社          16件
  ✓ 277A グロービング株式会社        16件
  ✓ 198A ＰｏｓｔＰｒｉｍｅ株式会社      7件
  ✓ 4430 東海ソフト株式会社          4件
  ✓ 8887 株式会社シーラホールディングス   18件
  ✓ 3236 株式会社プロパスト         17件
  ✓ 3760 株式会社ケイブ           16件
  ✓ 3349 株式会社コスモス薬品         8件
  ✓ 7808 株式会社シー・エス・ランバー    20件
  ✓ 7888 三光合成株式会社          24件
  ✓ 4735 株式会社京進            20件
  ✓ 7673 ダイコー通産株式会社         6件
  ✓ 6150 タケダ機械株式会社          8件
  ✓ 7596 株式会社魚力            20件
  ✓ 9216 ビーウィズ株式会社          8件
  ✓ 192A インテグループ株式会社        6件
  ✓ 3810 サイバーステップ株式会社      16件
  ✓ 5577 株式会社アイデミー          8件
  ✓ 2437 Ｓｈｉｎｗａ　Ｗｉｓｅ　Ｈｏｌｄ  16件
  ✓ 6044 株式会社三機サービス        16件
  ✓ 353A エレベーターコミュニケーションズ   6件
  ✓ 2769 株式会社ヴィレッジヴァンガードコ   8件
  ✓ 372A 株式会社レント            8件
  ✓ 208A 株式会社構造計画研究所ホールディ   8件
  ✓ 9267 Ｇｅｎｋｙ　ＤｒｕｇＳｔｏｒｅｓ   8件
  ✓ 3191 株式会社ジョイフル本田        6件
  ✓ 7116 ダイワ通信株式会社         16件
  ✓ 5966 京都機械工具株式会社        16件
  ✓ 9942 株式会社ジョイフル          8件
  ✓ 7962 株式会社キングジム         16件
  ✓ 4847 株式会社インテリジェント　ウェイ   6件
  ✓ 3984 株式会社ユーザーローカル       6件
  ✓ 4826 株式会社ＣＩＪ            8件
  ✓ 5903 シンポ株式会社            8件
  ✓ 1381 株式会社アクシーズ         20件
  ✓ 3836 株式会社アバントグループ      12件
  ✓ 4396 株式会社システムサポート      28件
  ✓ 9346 株式会社ココルポート         6件
  ✓ 4398 株式会社ブロードバンドセキュリテ   6件
  ✓ 4657 株式会社環境管理センター       8件
  ✓ 6090 ヒューマン・メタボローム・テクノ  16件
  ✓ 2904 一正蒲鉾株式会社          20件
  ✓ 9344 アクシスコンサルティング株式会社   6件
  ✓ 2481 株式会社タウンニュース社       6件
  ✓ 9557 株式会社エアークローゼット      6件
  ✓ 2154 株式会社オープンアップグループ   24件
  ✓ 4391 ロジザード株式会社          6件
  ✓ 4495 株式会社アイキューブドシステムズ  15件
  ✓ 7821 前田工繊株式会社          16件
  ✓ 5283 株式会社高見澤           20件
  ✓ 7500 西川計測株式会社           6件
  ✓ 6571 キュービーネットホールディングス  16件
  ✓ 2689 オルバヘルスケアホールディングス  20件
  ✓ 6340 澁谷工業株式会社          20件
  ✓ 4767 株式会社テー・オー・ダブリュー    8件
  ✓ 8912 株式会社エリアクエスト        8件
  ✓ 2385 株式会社総医研ホールディングス   28件
  ✓ 6874 協立電機株式会社          16件
  ✓ 6547 株式会社グリーンズ          8件
  ✓ 6239 株式会社ナガオカ          16件
  ✓ 3916 デジタル・インフォメーション・テ  16件
  ✓ 6038 株式会社イード           16件
  ✓ 6062 株式会社チャーム・ケア・コーポレ  16件
  ✓ 5380 新東株式会社             6件
  ✓ 157A グリーンモンスター株式会社      8件
  ✓ 5074 テスホールディングス株式会社    16件
  ✓ 1382 株式会社ホーブ           24件
  ✓ 7369 株式会社メイホーホールディングス  24件
  ✓ 3300 株式会社アンビションＤＸホールデ  24件
  ✓ 7747 朝日インテック株式会社       16件
  ✓ 6888 アクモス株式会社          20件
  ✓ 151A 株式会社ダイブ           14件
  ✓ 9159 株式会社Ｗ　ＴＯＫＹＯ        6件
  ✓ 4385 株式会社メルカリ          16件
  ✓ 4326 株式会社インテージホールディング  20件
  ✓ 3028 株式会社アルペン           8件
  ✓ 7803 株式会社ブシロード         16件
  ✓ 3675 株式会社クロス・マーケティンググ  20件
  ✓ 2762 株式会社ＳＡＮＫＯ　ＭＡＲＫＥＴ   8件
  ✓ 3625 テックファームホールディングス株  12件
  ✓ 3242 株式会社アーバネットコーポレーシ  16件
  ✓ 1431 株式会社Ｌｉｂ　Ｗｏｒｋ       8件
  ✓ 9450 株式会社ファイバーゲート      20件
  ✓ 9219 株式会社ギックス           8件
  ✓ 4418 株式会社ＪＤＳＣ          16件
  ✓ 7371 Ｚｅｎｋｅｎ株式会社        20件
  ✓ 5256 株式会社Ｆｕｓｉｃ          6件
  ✓ 9421 株式会社エヌジェイホールディング  16件
  ✓ 3286 トラストホールディングス株式会社  28件
  ✓ 3538 株式会社ウイルプラスホールディン  14件
  ✓ 4054 日本情報クリエイト株式会社      8件
  ✓ 1414 ショーボンドホールディングス株式  12件
  ✓ 9165 株式会社クオルテック         6件
  ✓ 378A 株式会社ヒット            8件
  ✓ 8928 穴吹興産株式会社          32件
  ✓ 5530 日本システムバンク株式会社     16件
  ✓ 3154 メディアスホールディングス株式会  16件
  ✓ 4976 東洋ドライルーブ株式会社       8件
  ✓ 8945 サンネクスタグループ株式会社    20件
  ✓ 6785 株式会社鈴木            24件
  ✓ 9340 株式会社アソインターナショナル    8件
  ✓ 2180 株式会社サニーサイドアップグルー  20件
  ✓ 7532 株式会社パン・パシフィック・イン  20件
  ✓ 7409 ＡｅｒｏＥｄｇｅ株式会社       6件
  ✓ 3439 株式会社三ツ知           24件
  ✓ 3097 株式会社物語コーポレーション     8件
  ✓ 7781 株式会社平山ホールディングス    20件
  ✓ 7135 ジャパンクラフトホールディングス  16件
  ✓ 3655 株式会社ブレインパッド        8件
  ✓ 7812 株式会社クレステック        24件
  ✓ 4068 ベイシス株式会社           8件
  ✓ 2820 株式会社やまみ            6件
  ✓ 9162 株式会社ブリーチ           5件
  ✓ 2428 ウェルネット株式会社         6件
  ✓ 4845 株式会社スカラ           24件
  ✓ 9417 株式会社スマートバリュー      20件
  ✓ 2477 手間いらず株式会社         14件
  ✓ 3457 株式会社Ａｎｄ　Ｄｏホールディン  32件
  ✓ 4478 フリー株式会社            8件
  ✓ 7826 株式会社フルヤ金属         18件
  ✓ 7809 株式会社壽屋             6件
  ✓ 6227 ＡＩメカテック株式会社       20件
  ✓ 4018 株式会社Ｇｅｏｌｏｃａｔｉｏｎ　  12件
  ✓ 6920 レーザーテック株式会社        8件
  ✓ 7585 株式会社かんなん丸          6件
  ✓ 3958 笹徳印刷株式会社           8件
  ✓ 7377 ＤＮホールディングス株式会社     8件
  ✓ 5698 株式会社エンビプロ・ホールディン  20件
  ✓ 6036 ＫｅｅＰｅｒ技研株式会社      14件
  ✓ 5582 株式会社グリッド           6件
  ✓ 9439 株式会社エム・エイチ・グループ   28件
  ✓ 197A 株式会社タウンズ           6件
  ✓ 2938 株式会社オカムラ食品工業      24件
  ✓ 4073 株式会社ジィ・シィ企画       14件
  ✓ 6327 北川精機株式会社           8件
  ✓ 3426 アトムリビンテック株式会社      6件
  ✓ 9361 伏木海陸運送株式会社        20件
  ✓ 6542 株式会社ＦＣホールディングス     8件
  ✓ 2172 株式会社インサイト         20件
  ✓ 3446 株式会社ジェイテックコーポレーシ  16件
  ✓ 176A レジル株式会社           20件
  ✓ 3076 あいホールディングス株式会社    30件
  ✓ 6028 テクノプロ・ホールディングス株式  24件
  ✓ 387A フラー株式会社            6件
  ✓ 4263 サスメド株式会社           8件
  ✓ 5884 株式会社クラダシ           4件
  ✓ 4335 ＩＰＳホールディングス株式会社    8件
  ✓ 9514 株式会社エフオン          20件
  ✓ 3135 株式会社マーケットエンタープライ  20件
  ✓ 3660 株式会社アイスタイル        24件
  ✓ 6728 株式会社　アルバック        16件
  ✓ 196A 株式会社ＭＦＳ           16件
  ✓ 3041 株式会社ビューティカダンホールデ  20件
  ✓ 3632 グリーホールディングス株式会社   32件
  ✓ 246A 株式会社アスア           18件
  ✓ 3469 株式会社デュアルタップ       22件
  ✓ 141A 株式会社トライアルホールディング  16件
  ✓ 7813 株式会社プラッツ           8件
  ✓ 3082 株式会社きちりホールディングス   16件
  ✓ 5034 株式会社ｕｎｅｒｒｙ         6件
  ✓ 386A 株式会社みのや            6件
  ✓ 3986 株式会社ビーブレイクシステムズ   14件
  ✓ 2962 株式会社テクニスコ          8件
  ✓ 6061 株式会社ユニバーサル園芸社     32件
  ✓ 194A 株式会社ＷＯＬＶＥＳ　ＨＡＮＤ    8件
  ✓ 6594 ニデック株式会社          32件
  ✓ 5254 株式会社Ａｒｅｎｔ         20件
  ✓ 6156 株式会社エーワン精密        18件
  ✓ 1788 株式会社三東工業社         20件
  ✓ 5987 株式会社オーネックス        16件
  ✓ 6662 株式会社ユビテック         20件
  ✓ 9028 株式会社ゼロ            24件
  ✓ 1999 サイタホールディングス株式会社   20件
  ✓ 7636 株式会社ハンズマン          6件
  ✓ 3639 株式会社ボルテージ          8件
  ✓ 9273 コーア商事ホールディングス株式会  16件
  ✓ 7325 株式会社アイリックコーポレーショ  20件
  ✓ 3140 ＢＲＵＮＯ株式会社         20件
  ✓ 1716 第一カッター興業株式会社      18件
  ✓ 1764 工藤建設株式会社          10件
  ✓ 3597 株式会社自重堂            8件
  ✓ 7707 プレシジョン・システム・サイエン   8件
  ✓ 3808 株式会社オウケイウェイヴ       8件
  ✓ 6597 ＨＰＣシステムズ株式会社      16件
  ✓ 4575 株式会社キャンバス          4件
  ✓ 3271 株式会社　ＴＨＥグローバル社    28件
  ✓ 7063 株式会社Ｂｉｒｄｍａｎ       16件
  ✓ 5125 株式会社ファインズ          6件
  ✓ 4052 フィーチャ株式会社          8件
  ✓ 7375 株式会社リファインバースグループ  16件
  ✓ 7320 Ｓｏｌｖｖｙ株式会社        22件
  ✓ 7256 河西工業株式会社          24件
  ✓ 8057 株式会社内田洋行          20件
  ✓ 3854 株式会社アイル            8件
  ✓ 6387 サムコ　株式会社           6件
  ✓ 211A 株式会社カドス・コーポレーション  14件
  ✓ 4599 株式会社ステムリム          4件
  ✓ 4014 株式会社カラダノート         6件
  ✓ 2929 株式会社ファーマフーズ       20件
  ✓ 9242 メディア総研株式会社        16件
  ✓ 2391 株式会社プラネット          6件
  ✓ 4194 ビジョナル株式会社         16件
  ✓ 2353 日本駐車場開発株式会社       20件
  ✓ 4384 ラクスル株式会社          16件
  ✓ 6040 日本スキー場開発株式会社       8件
  ✓ 6535 株式会社アイモバイル        16件
  ✓ 4936 株式会社アクシージア         8件
  ✓ 3172 ティーライフ株式会社        16件
  ✓ 6778 株式会社アルチザネットワークス   16件
  ✓ 6267 ゼネラルパッカー株式会社      16件
  ✓ 7810 株式会社クロスフォー         8件
  ✓ 6037 楽待株式会社             4件
  ✓ 5131 リンカーズ株式会社          8件
  ✓ 7097 株式会社さくらさくプラス       8件
  ✓ 6225 株式会社エコム           14件
  ✓ 5572 株式会社Ｒｉｄｇｅ－ｉ        8件
  ✓ 4934 プレミアアンチエイジング株式会社  16件
  ✓ 2991 株式会社ランドネット        16件
  ✓ 7126 グローバルスタイル株式会社      6件
  ✓ 9262 株式会社シルバーライフ        6件
  ✓ 3421 株式会社稲葉製作所         16件
  ✓ 6091 株式会社ウエスコホールディングス  20件
  ✓ 3441 株式会社山王            16件
  ✓ 3418 株式会社バルニバービ        16件
  ✓ 6577 株式会社ベストワンドットコム    12件
  ✓ 7692 株式会社アースインフィニティ    14件
  ✓ 9556 ＩＮＴＬＯＯＰ株式会社        8件
  ✓ 9235 売れるネット広告社グループ株式会  18件
  ✓ 1844 株式会社大盛工業          24件
  ✓ 2424 株式会社ブラス            8件
  ✓ 3930 株式会社はてな            6件
  ✓ 3193 株式会社エターナルホスピタリティ   8件
  ✓ 1444 株式会社ニッソウ          18件
  ✓ 4075 ブレインズテクノロジー株式会社    6件
  ✓ 7110 株式会社クラシコム         16件
  ✓ 3662 株式会社エイチームホールディング  20件
  ✓ 3816 株式会社大和コンピューター     16件
  ✓ 4446 Ｌｉｎｋ－Ｕグループ株式会社     8件
  ✓ 7850 総合商研株式会社           8件
  ✓ 2978 株式会社ツクルバ           8件
  ✓ 3988 株式会社ＳＹＳホールディングス    8件
  ✓ 7682 株式会社浜木綿            6件
  ✓ 4422 ＶＡＬＵＥＮＥＸ株式会社       8件
  ✓ 350A デジタルグリッド株式会社       8件
  ✓ 3539 株式会社ＪＭホールディングス    12件
  ✓ 9240 株式会社デリバリーコンサルティン   8件
  ✓ 8927 株式会社明豊エンタープライズ    24件
  ✓ 218A 株式会社Ｌｉｂｅｒａｗａｒｅ     4件
  ✓ 6548 株式会社旅工房            8件
  ✓ 6030 株式会社アドベンチャー       10件
  ✓ 9444 株式会社トーシンホールディングス  20件
  ✓ 3035 ケイティケイ株式会社        16件
  ✓ 7870 福島印刷株式会社           6件
  ✓ 7513 株式会社コジマ            6件
  ✓ 7730 マニー株式会社           20件
  ✓ 9414 日本ＢＳ放送株式会社         8件
  ✓ 8254 株式会社さいか屋          14件
  ✓ 1997 暁飯島工業株式会社         14件
  ✓ 3048 株式会社ビックカメラ        16件
  ✓ 7607 株式会社進和            24件
  ✓ 7447 ナガイレーベン株式会社        8件
  ✓ 4728 株式会社トーセ           16件
  ✓ 6159 ミクロン精密株式会社         8件
  ✓ 4668 株式会社明光ネットワークジャパン  20件
  ✓ 4176 株式会社ココナラ          12件
  ✓ 8127 ヤマトインターナショナル株式会社  16件
  ✓ 3168 株式会社ＭＥＲＦ          16件
  ✓ 6199 株式会社セラク           20件
  ✓ 7453 株式会社　良品計画         14件
  ✓ 3607 株式会社クラウディアホールディン   8件
  ✓ 190A Ｃｈｏｒｄｉａ　Ｔｈｅｒａｐｅｕ   4件
  ✓ 7085 株式会社カーブスホールディングス   8件
  ✓ 3815 株式会社メディア工房        16件
  ✓ 3697 株式会社ＳＨＩＦＴ         20件
  ✓ 6264 株式会社マルマエ           8件
  ✓ 7514 株式会社　ヒマラヤ          8件
  ✓ 6025 日本ＰＣサービス株式会社       8件
  ✓ 1407 株式会社ウエストホールディングス  26件
  ✓ 9979 株式会社大庄            24件
  ✓ 2735 株式会社ワッツ            8件
  ✓ 2999 ホームポジション株式会社       6件
  ✓ 4439 株式会社東名            20件
  ✓ 414A 株式会社オーバーラップホールディ   8件
  ✓ 4015 ペイクラウドホールディングス株式  24件
  ✓ 9264 ポエック株式会社          20件
  ✓ 5574 株式会社ＡＢＥＪＡ          6件
  ✓ 7581 株式会社サイゼリヤ         20件
  ✓ 3991 ウォンテッドリー株式会社       6件
  ✓ 5578 ＡＲアドバンストテクノロジ株式会   8件
  ✓ 9270 バリュエンスホールディングス株式   8件
  ✓ 3045 株式会社カワサキ          18件
  ✓ 7035 ａｎｄ　ｆａｃｔｏｒｙ株式会社    8件
  ✓ 7219 株式会社エッチ・ケー・エス      8件
  ✓ 4760 株式会社アルファ           8件
  ✓ 7805 プリントネット株式会社       10件
  ✓ 6289 株式会社技研製作所         16件
  ✓ 3440 日創グループ株式会社        24件
  ✓ 9418 株式会社Ｕ－ＮＥＸＴ　ＨＯＬＤＩ  24件
  ✓ 4440 株式会社ヴィッツ          16件
  ✓ 7928 旭化学工業株式会社         20件
  ✓ 3536 アクサスホールディングス株式会社  20件
  ✓ 4370 モビルス株式会社           4件
  ✓ 4397 株式会社チームスピリット       8件
  ✓ 2736 フェスタリアホールディングス株式   8件
  ✓ 7818 株式会社トランザクション       8件
  ✓ 9978 株式会社文教堂グループホールディ   8件
  ✓ 7065 ユーピーアール株式会社       16件
  ✓ 244A グロースエクスパートナーズ株式会   8件
  ✓ 156A マテリアルグループ株式会社     20件
  ✓ 2449 株式会社プラップジャパン      20件
  ✓ 373A 株式会社リップス          14件
  ✓ 325A 株式会社ＴＥＮＴＩＡＬ        3件
  ✓ 3498 霞ヶ関キャピタル株式会社       8件
  ✓ 3174 株式会社ハピネス・アンド・ディ    8件
  ✓ 276A ククレブ・アドバイザーズ株式会社   8件
  ✓ 4199 ワンダープラネット株式会社      6件
  ✓ 367A プリモグローバルホールディングス  16件
  ✓ 1434 ＪＥＳＣＯホールディングス株式会  20件
  ✓ 9331 株式会社キャスター         12件
  ✓ 8904 株式会社ＡＶＡＮＴＩＡ       24件
  ✓ 3647 株式会社ジー・スリーホールディン   8件
  ✓ 2484 株式会社出前館            8件
  ✓ 2927 株式会社ＡＦＣ－ＨＤアムスライフ  28件
  ✓ 6668 株式会社アドテックプラズマテクノ  16件
  ✓ 2164 株式会社地域新聞社          6件
  ✓ 3987 エコモット株式会社          8件
  ✓ 7445 株式会社ライトオン          6件
  ✓ 245A 株式会社ＩＮＧＳ          14件
  ✓ 6522 株式会社アスタリスク        20件
  ✓ 5580 株式会社プロディライト       10件
  ✓ 4412 株式会社サイエンスアーツ      10件
  ✓ 9560 株式会社プログリット         6件
  ✓ 7351 株式会社グッドパッチ        16件
  ✓ 5129 株式会社ＦＩＸＥＲ          4件
  ✓ 7352 株式会社ＴＷＯＳＴＯＮＥ＆Ｓｏｎ  20件
  ✓ 3046 株式会社ジンズホールディングス   16件
  ✓ 4433 株式会社ヒト・コミュニケーション  24件
  ✓ 8783 ａｂｃ株式会社           16件
  ✓ 2901 株式会社ウェルディッシュ      10件
  ✓ 369A 株式会社エータイ           6件
  ✓ 6255 株式会社エヌ・ピー・シー      12件
  ✓ 9252 株式会社ラストワンマイル       8件
  ✓ 9241 株式会社フューチャーリンクネット  16件
  ✓ 9983 株式会社ファーストリテイリング   24件
  ✓ 2157 株式会社コシダカホールディングス  16件
  ✓ 7373 株式会社アイドマ・ホールディング   8件
  ✓ 2404 株式会社鉄人化ホールディングス   24件
  ✓ 428A サイプレス・ホールディングス株式   8件
  ✓ 3560 株式会社ほぼ日            6件
  ✓ 3541 株式会社農業総合研究所       14件
  ✓ 5026 株式会社トリプルアイズ       16件
  ✓ 3823 ＴＨＥ　ＷＨＹ　ＨＯＷ　ＤＯ　Ｃ  28件
  ✓ 3189 株式会社ＡＮＡＰホールディングス  12件
  ✓ 4928 株式会社ノエビアホールディングス  16件
  ✓ 3636 株式会社三菱総合研究所       16件
  ✓ 6050 イー・ガーディアン株式会社      8件
  ✓ 9795 株式会社ステップ           6件
  ✓ 4479 株式会社マクアケ           6件
  ✓ 2551 マルサンアイ株式会社        16件
  ✓ 9746 株式会社　ＴＫＣ          20件
  ✓ 5532 株式会社リアルゲイト         6件
  ✓ 2185 株式会社シイエム・シイ        8件
  ✓ 4051 ＧＭＯフィナンシャルゲート株式会   8件
  ✓ 3769 ＧＭＯペイメントゲートウェイ株式  20件
  ✓ 2926 株式会社　篠崎屋          10件
  ✓ 7711 助川電気工業株式会社        14件
  ✓ 6176 株式会社ブランジスタ        20件
  ✓ 3992 株式会社ニーズウェル         8件
  ✓ 3698 株式会社ＣＲＩ・ミドルウェア    16件
  ✓ 4958 長谷川香料株式会社         20件
  ✓ 6200 株式会社インソース          8件
  ✓ 3687 株式会社フィックスターズ      16件
  ✓ 3461 株式会社パルマ           14件
  ✓ 4931 新日本製薬株式会社          8件
  ✓ 8789 フィンテック　グローバル株式会社  20件
  ✓ 3496 株式会社アズーム          12件
  ✓ 3690 株式会社イルグルム         16件
  ✓ 9679 ホウライ株式会社          12件
  ✓ 3245 株式会社ディア・ライフ       16件
  ✓ 7076 名南Ｍ＆Ａ株式会社          4件
  ✓ 7505 扶桑電通株式会社           6件
  ✓ 3939 株式会社カナミックネットワーク   20件
  ✓ 6194 株式会社アトラエ           6件
  ✓ 7681 株式会社レオクラン         16件
  ✓ 6316 株式会社丸山製作所         24件
  ✓ 4165 株式会社プレイド           8件
  ✓ 7539 株式会社アイナボホールディングス  16件
  ✓ 6196 株式会社ストライク          6件
  ✓ 7646 株式会社ＰＬＡＮＴ          6件
  ✓ 7446 東北化学薬品株式会社        14件
  ✓ 9233 アジア航測株式会社          8件
  ✓ 2370 株式会社メディネット        14件
  ✓ 3747 株式会社インタートレード      20件
  ✓ 6189 株式会社グローバルキッズＣＯＭＰ   8件
  ✓ 8798 株式会社アドバンスクリエイト    28件
  ✓ 3712 株式会社情報企画          16件
  ✓ 3176 三洋貿易株式会社          24件
  ✓ 3668 株式会社コロプラ          16件
  ✓ 8151 株式会社東陽テクニカ        32件
  ✓ 6677 株式会社エスケーエレクトロニクス  18件
  ✓ 9699 ニシオホールディングス株式会社   12件
  ✓ 6965 浜松ホトニクス株式会社       24件
  ✓ 3494 株式会社マリオン           6件
  ✓ 4554 富士製薬工業株式会社         8件
  ✓ 6087 株式会社アビスト          20件
  ✓ 4754 株式会社トスネット         24件
  ✓ 3965 株式会社キャピタル・アセット・プ   8件
  ✓ 9823 株式会社マミーマートホールディン  10件
  ✓ 6284 日精エー・エス・ビー機械株式会社  24件
  ✓ 7819 粧美堂株式会社            8件
  ✓ 4320 株式会社ＣＥホールディングス    12件
  ✓ 5036 日本ビジネスシステムズ株式会社   20件
  ✓ 6338 株式会社タカトリ          20件
  ✓ 9170 成友興業株式会社          20件
  ✓ 9446 株式会社サカイホールディングス   32件
  ✓ 9342 株式会社スマサポ           6件
  ✓ 2410 株式会社キャリアデザインセンター   6件
  ✓ 4346 株式会社ＮＥＸＹＺ．Ｇｒｏｕｐ   16件
  ✓ 7760 ＩＭＶ株式会社            8件
  ✓ 7361 株式会社ヒューマンクリエイション   8件
  ✓ 1771 日本乾溜工業株式会社        16件
  ✓ 9470 株式会社学研ホールディングス    16件
  ✓ 9476 株式会社中央経済社ホールディング   8件
  ✓ 3920 アイビーシー株式会社         6件
  ✓ 3723 日本ファルコム株式会社        6件
  ✓ 7356 Ｒｅｔｔｙ株式会社          6件
  ✓ 4809 パラカ株式会社            6件
  ✓ 6277 ホソカワミクロン株式会社      16件
  ✓ 9438 株式会社エムティーアイ       24件
  ✓ 166A 株式会社タスキホールディングス   16件
  ✓ 7527 株式会社システムソフト       16件
  ✓ 4884 クリングルファーマ株式会社      6件
  ✓ 8944 株式会社ランドビジネス       20件
  ✓ 2874 横浜冷凍株式会社          16件
  ✓ 2485 株式会社ティア           16件
  ✓ 7069 株式会社サイバー・バズ       16件
  ✓ 9258 株式会社ＣＳ－Ｃ           8件
  ✓ 6046 株式会社リンクバル          8件
  ✓ 4260 株式会社ハイブリッドテクノロジー   8件
  ✓ 5587 株式会社インバウンドプラットフォ  10件
  ✓ 9553 株式会社マイクロアド         8件
  ✓ 269A 株式会社Ｓａｐｅｅｔ         6件
  ✓ 7806 株式会社ＭＴＧ           28件
  ✓ 5586 株式会社Ｌａｂｏｒｏ．ＡＩ      8件
  ✓ 7372 株式会社デコルテ・ホールディング  12件
  ✓ 7148 株式会社ＦＰＧ           14件
  ✓ 4769 株式会社ＩＣ             8件
  ✓ 6877 ＯＢＡＲＡ　ＧＲＯＵＰ株式会社   18件
  ✓ 6492 岡野バルブ製造株式会社        8件
  ✓ 4243 株式会社ニックス           8件
  ✓ 9869 加藤産業株式会社          16件
  ✓ 2917 株式会社大森屋            8件
  ✓ 7072 株式会社インティメート・マージャ   8件
  ✓ 7643 株式会社ダイイチ           6件
  ✓ 6554 株式会社エスユーエス        20件
  ✓ 7792 株式会社コラントッテ         6件
  ✓ 9554 株式会社ＡＶｉＣ           8件
  ✓ 3993 株式会社ＰＫＳＨＡ　Ｔｅｃｈｎｏ  16件
  ✓ 7839 株式会社ＳＨＯＥＩ          8件
  ✓ 2974 大英産業株式会社          16件
  ✓ 5921 川岸工業株式会社           4件
  ✓ 2122 株式会社インタースペース      16件
  ✓ 3359 株式会社ｃｏｔｔａ         14件
  ✓ 2304 株式会社ＣＳＳホールディングス   20件
  ✓ 3563 株式会社ＦＯＯＤ　＆　ＬＩＦＥ　  24件
  ✓ 1783 株式会社ｆａｎｔａｓｉｓｔａ    18件
  ✓ 3288 株式会社オープンハウスグループ   28件
  ✓ 2120 株式会社ＬＩＦＵＬＬ        12件
  ✓ 6233 ＫＬＡＳＳ株式会社         24件
  ✓ 1446 株式会社キャンディル         8件
  ✓ 220A 株式会社Ｆａｂｅｒ　Ｃｏｍｐａｎ   8件
  ✓ 5570 株式会社ジェノバ           6件
  ✓ 6563 株式会社みらいワークス        4件
  ✓ 4376 株式会社くふうカンパニーホールデ  20件
  ✓ 3989 シェアリングテクノロジー株式会社   8件
  ✓ 3985 テモナ株式会社           18件
  ✓ 9225 ブリッジコンサルティンググループ   8件
  ✓ 3900 株式会社クラウドワークス      16件
  ✓ 5137 株式会社スマートドライブ       8件
  ✓ 335A 株式会社ミライロ           6件
  ✓ 4499 株式会社Ｓｐｅｅｅ         19件
  ✓ 6551 株式会社ツナググループ・ホールデ  16件
  ✓ 3726 株式会社フォーシーズＨＤ      24件
  ✓ 5843 ニッポンインシュア株式会社     10件
  ✓ 7376 ＢＣＣ株式会社           14件
  ✓ 231A Ｃｒｏｓｓ　Ｅホールディングス株  12件
  ✓ 7494 株式会社コナカ            8件
  ✓ 5259 ＢＢＤイニシアティブ株式会社    16件
  ✓ 4937 株式会社Ｗａｑｏｏ         16件
  ✓ 6466 株式会社ＴＶＥ           20件
  ✓ 4421 株式会社ディ・アイ・システム    12件
  ✓ 9249 日本エコシステム株式会社      20件
  ✓ 2498 株式会社オリエンタルコンサルタン  16件
  ✓ 3624 アクセルマーク株式会社        8件
  ✓ 2667 株式会社イメージワン        14件
  ✓ 9212 Ｇｒｅｅｎ　Ｅａｒｔｈ　Ｉｎｓｔ   6件
  ✓ 4059 株式会社まぐまぐ          14件
  ✓ 5724 株式会社アサカ理研         20件
  ✓ 9248 人・夢・技術グループ株式会社    14件
  ✓ 6191 株式会社エアトリ          20件
  ✓ 2961 日本調理機株式会社          6件
  ✓ 5533 株式会社エリッツホールディングス  20件
  ✓ 4172 東和ハイシステム株式会社       6件
  ✓ 7800 株式会社アミファ           6件
  ✓ 9244 株式会社デジタリフト         8件
  ✓ 3495 香陵住販株式会社          16件
  ✓ 1795 株式会社マサル           16件
  ✓ 9376 株式会社ユーラシア旅行社       6件
  ✓ 9330 株式会社揚羽             6件
  ✓ 6080 Ｍ＆Ａキャピタルパートナーズ株式   8件
  ✓ 264A 株式会社Ｓｃｈｏｏ          6件
  ✓ 206A 株式会社ＰＲＩＳＭ　ＢｉｏＬａｂ   6件
  ✓ 4424 株式会社Ａｍａｚｉａ        16件
  ✓ 7041 ＣＲＧホールディングス株式会社    8件
  ✓ 4475 ＨＥＮＮＧＥ株式会社         8件
  ✓ 4447 株式会社ピー・ビーシステムズ    14件
  ✓ 6094 株式会社フリークアウト・ホールデ  20件
  ✓ 1438 株式会社岐阜造園           8件
  ✓ 4196 株式会社ネオマーケティング      8件
  ✓ 3187 株式会社ミラタップ         16件
  ✓ 4751 株式会社サイバーエージェント    20件
  ✓ 4427 株式会社ＥｄｕＬａｂ        20件
  ✓ 3691 株式会社デジタルプラス       16件
  ✓ 3067 株式会社東京一番フーズ       20件
  ✓ 423A 株式会社ライオン事務器        8件
  ✓ 3323 レカム株式会社           20件
  ✓ 4071 株式会社プラスアルファ・コンサル  16件
  ✓ 9562 ビジネスコーチ株式会社       16件
  ✓ 3672 株式会社オルトプラス         8件
  ✓ 4055 ティアンドエスグループ株式会社    8件
  ✓ 7066 株式会社ピアズ            8件
  ✓ 2652 株式会社まんだらけ          6件
  ✓ 7071 株式会社アンビスホールディングス   8件
  ✓ 6198 株式会社キャリア           8件
  ✓ 4393 株式会社バンク・オブ・イノベーシ   8件
  ✓ 9941 太洋物産株式会社          22件
  ✓ 9564 株式会社ＦＣＥ           16件
  ✓ 241A 株式会社ＲＯＸＸ           6件
  ✓ 242A 株式会社リプライオリティ      16件
  ✓ 6731 株式会社ピクセラ          16件
  ✓ 4124 大阪油化工業株式会社        16件
  ✓ 3556 リネットジャパングループ株式会社  12件
  ✓ 253A 株式会社ＥＴＳグループ        8件
  ✓ 2388 株式会社ウェッジホールディングス   8件
  ✓ 3674 株式会社オークファン        20件
  ✓ 3710 ジョルダン株式会社         24件
  ✓ 7030 株式会社スプリックス        20件
  ✓ 4445 リビン・テクノロジーズ株式会社    6件
  ✓ 259A 株式会社ケイ・ウノ          8件
  ✓ 9259 株式会社タカヨシホールディングス   8件
  ✓ 9552 株式会社Ｍ＆Ａ総研ホールディング  12件
  ✓ 4707 株式会社キタック          14件
  ✓ 9678 株式会社カナモト          12件
  ✓ 2301 株式会社学情             6件
  ✓ 8917 ファースト住建株式会社       16件
  ✓ 7279 株式会社ハイレックスコーポレーシ  32件
  ✓ 3248 株式会社アールエイジ        16件
  ✓ 3733 株式会社ソフトウェア・サービス    8件
  ✓ 7265 エイケン工業株式会社        14件
  ✓ 7131 のむら産業株式会社         16件
  ✓ 4627 ナトコ株式会社           20件
  ✓ 1840 株式会社土屋ホールディングス    24件
  ✓ 2198 アイ・ケイ・ケイホールディングス  24件
  ✓ 3974 ＳＣＡＴ株式会社          20件
  ✓ 5134 株式会社ＰＯＰＥＲ          6件
  ✓ 5132 株式会社ｐｌｕｓｚｅｒｏ       6件
  ✓ 5136 ｔｒｉｐｌａ株式会社         6件
  ✓ 3480 株式会社ジェイ・エス・ビー      8件
  ✓ 4441 トビラシステムズ株式会社      14件
  ✓ 4996 クミアイ化学工業株式会社      16件
  ✓ 9279 株式会社ギフトホールディングス    8件
  ✓ 7983 株式会社ミロク           20件
  ✓ 7378 株式会社アシロ           20件
  ✓ 9251 株式会社ＡＢ＆Ｃｏｍｐａｎｙ    20件
  ✓ 9603 株式会社エイチ・アイ・エス     20件
  ✓ 460A ＢＲＡＮＵ株式会社          6件
  ✓ 9254 株式会社ラバブルマーケティンググ   8件
  ✓ 7034 株式会社プロレド・パートナーズ   16件
  ✓ 8077 トルク株式会社            8件
  ✓ 2695 くら寿司株式会社          20件
  ✓ 3804 株式会社システム　ディ       12件
  ✓ 7827 株式会社オービス          26件
  ✓ 7856 萩原工業株式会社          16件
  ✓ 6309 巴工業株式会社           16件
  ✓ 3038 株式会社神戸物産          20件
  ✓ 8079 正栄食品工業株式会社        20件
  ✓ 7804 株式会社ビーアンドピー        4件
  ✓ 9565 ＧＬＯＥ株式会社           8件
  ✓ 9824 泉州電業株式会社           8件
  ✓ 9163 株式会社ナレルグループ       16件
  ✓ 9236 ジャパンＭ＆Ａソリューション株式   6件
  ✓ 2375 ギグワークス株式会社        28件
  ✓ 3475 株式会社グッドコムアセット     22件
  ✓ 4880 セルソース株式会社          4件
  ✓ 4378 株式会社ＣＩＮＣ           9件
  ✓ 4666 パーク二四株式会社（定款上の商号  20件
  ✓ 3121 マーチャント・バンカーズ株式会社   8件
  ✓ 1383 ベルグアース株式会社        20件
  ✓ 6838 株式会社多摩川ホールディングス   16件
  ✓ 3653 株式会社モルフォ           8件
  ✓ 3491 株式会社ＧＡ　ｔｅｃｈｎｏｌｏｇ  12件
  ✓ 2373 株式会社ケア２１          16件
  ✓ 8894 株式会社ＲＥＶＯＬＵＴＩＯＮ    20件
  ✓ 7831 株式会社ウイルコホールディングス  20件
  ✓ 462A 株式会社ＦＵＮＤＩＮＮＯ       6件
  ✓ 3195 株式会社ジェネレーションパス    16件
  ✓ 7640 株式会社トップカルチャー      28件
  ✓ 5218 株式会社オハラ           16件
  ✓ 212A フィットイージー株式会社       6件
  ✓ 3419 アートグリーン株式会社        8件
  ✓ 2315 株式会社ＣＡＩＣＡ　ＤＩＧＩＴＡ  16件
  ✓ 6049 株式会社イトクロ           6件
  ✓ 2345 株式会社クシム           14件
  ✓ 6695 株式会社キャストリコ         3件
  ✓ 442A クラシコ株式会社           6件
  ✓ 215A 株式会社タイミー           4件
  ✓ 9425 ＲｅＹｕｕ　Ｊａｐａｎ株式会社    6件
  ✓ 9237 株式会社笑美面            5件
  ✓ 2734 株式会社サーラコーポレーション   32件
  ✓ 7965 象印マホービン株式会社        8件
  ✓ 9872 北恵株式会社             6件
  ✓ 3377 株式会社バイク王＆カンパニー     8件
  ✓ 6136 オーエスジー株式会社        24件
  ✓ 2975 スター・マイカ・ホールディングス  20件
  ✓ 3994 株式会社マネーフォワード      28件
  ✓ 3186 株式会社ネクステージ         8件
  ✓ 6076 株式会社アメイズ           6件
  ✓ 4992 北興化学工業株式会社        20件
  ✓ 3201 日本毛織株式会社          24件
  ✓ 4616 川上塗料株式会社           8件
  ✓ 4361 川口化学工業株式会社        16件
  ✓ 4187 大阪有機化学工業株式会社      20件
  ✓ 9369 株式会社キユーソー流通システム   20件
  ✓ 6217 津田駒工業株式会社         16件
  ✓ 2809 キユーピー株式会社         32件
  ✓ 4016 ＭＩＴホールディングス株式会社    8件
  ✓ 3139 株式会社ラクト・ジャパン       8件
  ✓ 9837 モリト株式会社           20件
  ✓ 6474 株式会社不二越           16件
  ✓ 7360 株式会社オンデック          4件
  ✓ 9972 アルテック株式会社         16件
  ✓ 138A 光フードサービス株式会社       6件
  ✓ 3267 株式会社フィル・カンパニー      8件
  ✓ 5527 株式会社ｐｒｏｐｅｒｔｙ　ｔｅｃ   8件
  ✓ 228A 株式会社オプロ            6件
  ✓ 9313 丸八倉庫株式会社          16件
  ✓ 4394 株式会社エクスモーション       8件
  ✓ 2471 株式会社エスプール         16件
  ✓ 7997 株式会社くろがね工作所       16件
  ✓ 9720 株式会社ホテル、ニューグランド   10件
  ✓ 3089 テクノアルファ株式会社       24件
  ✓ 5942 日本フイルコン株式会社       24件
  ✓ 8923 トーセイ株式会社          32件
  ✓ 9558 ジャパニアス株式会社         6件
  ✓ 8095 アステナホールディングス株式会社  24件
  ✓ 4250 株式会社フロンティア        16件
  ✓ 5243 ｎｏｔｅ株式会社          16件
  ✓ 7879 株式会社ノダ            16件
  ✓ 3266 株式会社ファンドクリエーショング  16件
  ✓ 7083 ＡＨＣグループ株式会社       20件
  ✓ 5246 株式会社ＥＬＥＭＥＮＴＳ       8件
  ✓ 3454 ファーストブラザーズ株式会社    20件
  ✓ 3077 ホリイフードサービス株式会社    10件
  ✓ 4673 川崎地質株式会社           8件
  ✓ 3547 株式会社串カツ田中ホールディング  24件
  ✓ 5250 プライム・ストラテジー株式会社    8件
  ✓ 9215 株式会社ＣａＳｙ           4件
  ✓ 6634 株式会社ネクスグループ       24件
  ✓ 4995 サンケイ化学株式会社         8件
  ✓ 2493 イーサポートリンク株式会社     16件
  ✓ 7227 アスカ株式会社           28件
  ✓ 9250 株式会社ＧＲＣＳ           8件
  ✓ 7501 株式会社ティムコ          14件
  ✓ 7388 株式会社ＦＰパートナー        6件
  ✓ 3907 シリコンスタジオ株式会社      10件
  ✓ 6558 クックビズ株式会社         16件
  ✓ 418A ウリドキ株式会社           4件
  ✓ 9647 株式会社協和コンサルタンツ     16件
  ✓ 7074 株式会社トゥエンティーフォーセブ   8件
  ✓ 6664 株式会社オプトエレクトロニクス   20件
  ✓ 5341 ＡＳＡＨＩ　ＥＩＴＯホールディン  20件
  ✓ 4197 株式会社アスマーク          4件
  ✓ 6866 日置電機株式会社           8件
  ✓ 280A 株式会社ＴＭＨ            4件
  ✓ 469A 株式会社フィットクルー        6件
  ✓ 3192 株式会社白鳩             3件
  ✓ 7936 株式会社アシックス         36件
  ✓ 7944 ローランド株式会社          8件
  ✓ 2408 株式会社ＫＧ情報           6件
  ✓ 6328 荏原実業株式会社          20件
  ✓ 4151 協和キリン株式会社          6件
  ✓ 3912 株式会社モバイルファクトリー    16件
  ✓ 2811 カゴメ株式会社           16件
  ✓ 6817 スミダコーポレーション株式会社   16件
  ✓ 2268 Ｂ－Ｒ　サーティワン　アイスクリ   8件
  ✓ 6180 ＧＭＯメディア株式会社       16件
  ✓ 6326 株式会社　クボタ          16件
  ✓ 9338 株式会社ＩＮＦＯＲＩＣＨ      20件
  ✓ 6858 株式会社小野測器          16件
  ✓ 7309 株式会社シマノ           16件
  ✓ 3302 帝国繊維株式会社          20件
  ✓ 7422 東邦レマック株式会社        14件
  ✓ 6663 太洋テクノレックス株式会社     24件
  ✓ 3003 ヒューリック株式会社        12件
  ✓ 410A ＧＭＯコマース株式会社        6件
  ✓ 6395 株式会社タダノ           24件
  ✓ 4784 ＧＭＯインターネット株式会社    12件
  ✓ 5819 カナレ電気株式会社         32件
  ✓ 9830 トラスコ中山株式会社        16件
  ✓ 5946 株式会社長府製作所          8件
  ✓ 3386 コスモ・バイオ株式会社        8件
  ✓ 9337 株式会社トリドリ           8件
  ✓ 4812 株式会社電通総研          24件
  ✓ 5184 株式会社ニチリン          28件
  ✓ 3695 ＧＭＯプロダクトプラットフォーム   8件
  ✓ 3788 ＧＭＯグローバルサイン・ホールデ  20件
  ✓ 3047 株式会社ＴＲＵＣＫ－ＯＮＥ     16件
  ✓ 5108 株式会社ブリヂストン        24件
  ✓ 7972 株式会社イトーキ          16件
  ✓ 7172 株式会社ジャパンインベストメント   8件
  ✓ 7989 立川ブラインド工業株式会社     20件
  ✓ 2429 株式会社ワールドホールディングス  28件
  ✓ 4587 ペプチドリーム株式会社       16件
  ✓ 6481 ＴＨＫ株式会社           24件
  ✓ 3944 古林紙工株式会社          16件
  ✓ 5867 株式会社エスネットワークス      8件
  ✓ 4634 ａｒｔｉｅｎｃｅ株式会社      24件
  ✓ 7956 ピジョン株式会社          24件
  ✓ 4486 ユナイトアンドグロウ株式会社     6件
  ✓ 3633 ＧＭＯペパボ株式会社        24件
  ✓ 7744 ノーリツ鋼機株式会社        16件
  ✓ 7080 株式会社スポーツフィールド     14件
  ✓ 3776 株式会社ブロードバンドタワー    16件
  ✓ 7037 株式会社テノ．ホールディングス   20件
  ✓ 6723 ルネサスエレクトロニクス株式会社  16件
  ✓ 2533 オエノンホールディングス株式会社  20件
  ✓ 2982 株式会社ＡＤワークスグループ    16件
  ✓ 2206 江崎グリコ株式会社         32件
  ✓ 4013 勤次郎株式会社           16件
  ✓ 4586 株式会社メドレックス         8件
  ✓ 5842 インテグラル株式会社         6件
  ✓ 6498 株式会社キッツ           16件
  ✓ 3983 株式会社オロ            16件
  ✓ 9160 株式会社ノバレーゼ         16件
  ✓ 2702 日本マクドナルドホールディングス   8件
  ✓ 415A ＧＭＯ　ＴＥＣＨホールディングス   8件
  ✓ 2579 コカ・コーラボトラーズジャパンホ  18件
  ✓ 4012 株式会社アクシス           6件
  ✓ 3765 ガンホー・オンライン・エンターテ   8件
  ✓ 8113 ユニ・チャーム株式会社       14件
  ✓ 6560 株式会社エル・ティー・エス     16件
  ✓ 7915 ＮＩＳＳＨＡ株式会社        20件
  ✓ 2211 株式会社不二家           16件
  ✓ 8594 中道リース株式会社         14件
  ✓ 130A 株式会社Ｖｅｒｉｔａｓ　Ｉｎ　Ｓ   4件
  ✓ 8996 株式会社ハウスフリーダム      28件
  ✓ 9343 株式会社アイビス          10件
  ✓ 3673 株式会社ブロードリーフ        8件
  ✓ 9245 株式会社リベロ            8件
  ✓ 4248 竹本容器株式会社           8件
  ✓ 3901 マークラインズ株式会社       44件
  ✓ 6856 株式会社堀場製作所         20件
  ✓ 2587 サントリー食品インターナショナル  24件
  ✓ 2492 株式会社インフォマート       16件
  ✓ 4631 ＤＩＣ株式会社           20件
  ✓ 6171 株式会社土木管理総合試験所     20件
  ✓ 4893 ノイルイミューン・バイオテック株   4件
  ✓ 4633 サカタインクス株式会社       28件
  ✓ 7849 スターツ出版株式会社        14件
  ✓ 6440 ＪＵＫＩ株式会社          16件
  ✓ 5699 株式会社イボキン          20件
  ✓ 3964 株式会社オークネット        16件
  ✓ 4579 ラクオリア創薬株式会社        6件
  ✓ 4576 株式会社デ・ウエスタン・セラピテ   8件
  ✓ 9722 藤田観光株式会社          20件
  ✓ 5126 ポーターズ株式会社         16件
  ✓ 4448 株式会社ｋｕｂｅｌｌ         8件
  ✓ 7976 三菱鉛筆株式会社          12件
  ✓ 3252 地主株式会社            20件
  ✓ 4477 ＢＡＳＥ株式会社          26件
  ✓ 6266 タツモ株式会社           20件
  ✓ 4911 株式会社資生堂           18件
  ✓ 471A ＮＳグループ株式会社         6件
  ✓ 7177 ＧＭＯフィナンシャルホールディン  10件
  ✓ 8804 東京建物株式会社          12件
  ✓ 2914 日本たばこ産業株式会社       16件
  ✓ 6034 ＭＲＴ株式会社            8件
  ✓ 4971 メック株式会社           28件
  ✓ 4221 大倉工業株式会社          20件
  ✓ 4415 株式会社ブロードエンタープライズ   6件
  ✓ 6361 株式会社荏原製作所         28件
  ✓ 5038 株式会社ｅＷｅＬＬ          6件
  ✓ 9449 ＧＭＯインターネットグループ株式  19件
  ✓ 7272 ヤマハ発動機株式会社        28件
  ✓ 2931 株式会社ユーグレナ         20件
  ✓ 4251 恵和株式会社            18件
  ✓ 3623 ビリングシステム株式会社       8件
  ✓ 7048 ベルトラ株式会社           6件
  ✓ 4344 ソースネクスト株式会社        4件
  ✓ 8179 ロイヤルホールディングス株式会社  16件
  ✓ 9419 株式会社ワイヤレスゲート       4件
  ✓ 4072 株式会社電算システムホールディン  16件
  ✓ 2170 株式会社リンクアンドモチベーショ  14件
  ✓ 8914 エリアリンク株式会社        18件
  ✓ 7115 株式会社アルファパーチェス     16件
  ✓ 2212 山崎製パン株式会社         16件
  ✓ 4896 株式会社ケイファーマ         4件
  ✓ 3913 ＧｒｅｅｎＢｅｅ株式会社       8件
  ✓ 175A 株式会社Ｗｉｌｌ　Ｓｍａｒｔ     6件
  ✓ 6149 株式会社小田原エンジニアリング   16件
  ✓ 3040 株式会社ソリトンシステムズ      8件
  ✓ 4979 ＯＡＴアグリオ株式会社        8件
  ✓ 2311 株式会社エプコ           20件
  ✓ 3299 株式会社ムゲンエステート      16件
  ✓ 4597 ソレイジア・ファーマ株式会社     8件
  ✓ 5201 ＡＧＣ株式会社           20件
  ✓ 8060 キヤノンマーケティングジャパン株  24件
  ✓ 3277 株式会社サンセイランディック     8件
  ✓ 4404 ミヨシ油脂株式会社         16件
  ✓ 5110 住友ゴム工業株式会社        20件
  ✓ 4099 四国化成ホールディングス株式会社  16件
  ✓ 7314 株式会社小田原機器         16件
  ✓ 4058 トヨクモ株式会社           8件
  ✓ 145A 株式会社Ｌ　ｉｓ　Ｂ        11件
  ✓ 2195 アミタホールディングス株式会社    8件
  ✓ 1435 株式会社ｒｏｂｏｔ　ｈｏｍｅ    16件
  ✓ 268A リガク・ホールディングス株式会社   8件
  ✓ 262A 株式会社インターメスティック    16件
  ✓ 2489 株式会社アドウェイズ        16件
  ✓ 421A 株式会社ムービン・ストラテジック   8件
  ✓ 9622 株式会社スペース           6件
  ✓ 298A ＧＶＡ　ＴＥＣＨ株式会社       6件
  ✓ 5704 株式会社ＪＭＣ           18件
  ✓ 4712 株式会社ＫｅｙＨｏｌｄｅｒ     24件
  ✓ 7353 ＫＩＹＯラーニング株式会社      6件
  ✓ 4356 応用技術株式会社          14件
  ✓ 5028 セカンドサイトアナリティカ株式会   4件
  ✓ 6383 株式会社ダイフク          18件
  ✓ 4922 株式会社コーセーホールディングス  16件
  ✓ 9731 株式会社白洋舍           20件
  ✓ 4574 大幸薬品株式会社          16件
  ✓ 4593 株式会社ヘリオス           8件
  ✓ 4985 アース製薬株式会社         16件
  ✓ 5891 株式会社魁力屋            4件
  ✓ 7033 株式会社マネジメントソリューショ   8件
  ✓ 9145 株式会社ビーイングホールディング   6件
  ✓ 6633 株式会社ＣＧＳホールディングス   16件
  ✓ 7043 アルー株式会社            8件
  ✓ 4192 スパイダープラス株式会社       8件
  ✓ 5589 株式会社オートサーバー        6件
  ✓ 4186 東京応化工業株式会社         8件
  ✓ 3914 ＪＩＧ－ＳＡＷ株式会社        8件
  ✓ 6278 ユニオンツール株式会社       24件
  ✓ 8508 Ｊトラスト株式会社         16件
  ✓ 6250 株式会社やまびこ          20件
  ✓ 6078 株式会社バリューＨＲ         8件
  ✓ 5139 オープンワーク株式会社        4件
  ✓ 3659 株式会社ネクソン          24件
  ✓ 2597 株式会社ユニカフェ          8件
  ✓ 8929 株式会社青山財産ネットワークス    8件
  ✓ 4178 株式会社Ｓｈａｒｉｎｇ　Ｉｎｎｏ   8件
  ✓ 2384 ＳＢＳホールディングス株式会社   16件
  ✓ 3902 メディカル・データ・ビジョン株式   8件
  ✓ 4582 シンバイオ製薬株式会社        8件
  ✓ 4881 株式会社ファンペップ         6件
  ✓ 5257 ノバシステム株式会社         6件
  ✓ 3667 株式会社ｅｎｉｓｈ          6件
  ✓ 4025 多木化学株式会社          32件
  ✓ 4452 花王株式会社            32件
  ✓ 4463 日華化学株式会社          16件
  ✓ 7038 フロンティア・マネジメント株式会   8件
  ✓ 7739 キヤノン電子株式会社        16件
  ✓ 4722 フューチャー株式会社        16件
  ✓ 4967 小林製薬株式会社          16件
  ✓ 9755 応用地質株式会社          20件
  ✓ 1897 金下建設株式会社          16件
  ✓ 4588 オンコリスバイオファーマ株式会社   6件
  ✓ 4563 アンジェス株式会社          6件
  ✓ 7531 清和中央ホールディングス株式会社  16件
  ✓ 7228 株式会社デイトナ          20件
  ✓ 5868 株式会社ロココ           16件
  ✓ 2193 クックパッド株式会社         8件
  ✓ 9543 静岡ガス株式会社          16件
  ✓ 3948 光ビジネスフォーム株式会社      6件
  ✓ 3649 株式会社ファインデックス      20件
  ✓ 3664 株式会社モブキャストホールディン  20件
  ✓ 5310 東洋炭素株式会社          24件
  ✓ 8165 株式会社千趣会           16件
  ✓ 3261 株式会社グランディーズ       16件
  ✓ 1718 美樹工業株式会社          16件
  ✓ 6871 株式会社日本マイクロニクス     16件
  ✓ 2461 株式会社ファンコミュニケーション  12件
  ✓ 4171 株式会社グローバルインフォメーシ  12件
  ✓ 261A 株式会社日水コン           8件
  ✓ 4927 株式会社ポーラ・オルビスホールデ  16件
  ✓ 9441 株式会社ベルパーク          8件
  ✓ 2418 株式会社ツカダ・グローバルホール  20件
  ✓ 4372 ユミルリンク株式会社         8件
  ✓ 6853 株式会社共和電業          12件
  ✓ 2700 木徳神糧株式会社          24件
  ✓ 4641 株式会社アルプス技研        16件
  ✓ 7841 株式会社遠藤製作所         16件
  ✓ 5851 リョービ株式会社          20件
  ✓ 4772 株式会社ＳＭ　ＥＮＴＥＲＴＡＩＮ  16件
  ✓ 1899 株式会社福田組           16件
  ✓ 4004 株式会社レゾナック・ホールディン  28件
  ✓ 3940 株式会社ノムラシステムコーポレー   6件
  ✓ 4258 株式会社網屋            16件
  ✓ 1724 シンクレイヤ株式会社         8件
  ✓ 5010 日本精蝋株式会社           8件
  ✓ 7685 株式会社ＢｕｙＳｅｌｌ　Ｔｅｃｈ   8件
  ✓ 5302 日本カーボン株式会社        16件
  ✓ 6235 株式会社オプトラン          8件
  ✓ 5337 ダントーホールディングス株式会社  24件
  ✓ 1911 住友林業株式会社          24件
  ✓ 4883 株式会社モダリス           6件
  ✓ 4189 ＫＨネオケム株式会社         8件
  ✓ 4045 東亞合成株式会社          28件
  ✓ 9672 東京都競馬株式会社         24件
  ✓ 2693 ＹＫＴ株式会社           16件
  ✓ 4284 株式会社　ソルクシーズ       17件
  ✓ 4053 株式会社Ｓｕｎ　Ａｓｔｅｒｉｓｋ   8件
  ✓ 7963 興研株式会社            16件
  ✓ 6929 日本セラミック株式会社        8件
  ✓ 7814 株式会社日本創発グループ       8件
  ✓ 2501 サッポロホールディングス株式会社  16件
  ✓ 6276 シリウスビジョン株式会社       8件
  ✓ 5101 横浜ゴム株式会社          12件
  ✓ 3355 クリヤマホールディングス株式会社  32件
  ✓ 2266 六甲バター株式会社          8件
  ✓ 248A 株式会社キッズスター         4件
  ✓ 2970 ＧＬＣ　ＧＲＯＵＰ株式会社     16件
  ✓ 5590 株式会社ネットスターズ        8件
  ✓ 7751 キヤノン株式会社           6件
  ✓ 6465 ホシザキ株式会社          24件
  ✓ 431A ユーソナー株式会社          6件
  ✓ 4493 株式会社サイバーセキュリティクラ   8件
  ✓ 7358 株式会社ポピンズ          20件
  ✓ 7675 セントラルフォレストグループ株式   8件
  ✓ 485A 株式会社パワーエックス       20件
  ✓ 7061 日本ホスピスホールディングス株式   8件
  ✓ 479A ＰＲＯＮＩ株式会社          6件
  ✓ 155A 株式会社情報戦略テクノロジー     4件
  ✓ 5241 株式会社日本オーエー研究所      6件
  ✓ 6540 株式会社船場             8件
  ✓ 6915 千代田インテグレ株式会社      24件
  ✓ 9147 ＮＩＰＰＯＮ　ＥＸＰＲＥＳＳホー  40件
  ✓ 4255 ＴＨＥＣＯＯ株式会社        14件
  ✓ 6310 井関農機株式会社           8件
  ✓ 4293 株式会社セプテーニ・ホールディン  12件
  ✓ 265A Ｈｍｃｏｍｍ株式会社         6件
  ✓ 4519 中外製薬株式会社           8件
  ✓ 3064 株式会社ＭｏｎｏｔａＲＯ       8件
  ✓ 7790 株式会社バルコス          20件
  ✓ 7081 コーユーレンティア株式会社     24件
  ✓ 480A 株式会社リブ・コンサルティング    8件
  ✓ 6533 株式会社Ｏｒｃｈｅｓｔｒａ　Ｈｏ  20件
  ✓ 7082 株式会社ジモティー          6件
  ✓ 9339 株式会社コーチ・エィ         8件
  ✓ 478A 株式会社フツパー           6件
  ✓ 3486 株式会社グローバル・リンク・マネ   8件
  ✓ 4166 かっこ株式会社            6件
  ✓ 6268 ナブテスコ株式会社         20件
  ✓ 7112 株式会社キューブ           6件
  ✓ 5871 ＳＯＬＩＺＥ　Ｈｏｌｄｉｎｇｓ株  20件
  ✓ 6464 株式会社ツバキ・ナカシマ      16件
  ✓ 4565 ネクセラファーマ株式会社       8件
  ✓ 4840 株式会社トライアイズ        20件
  ✓ 9539 京葉瓦斯株式会社          20件
  ✓ 3744 サイオス株式会社          20件
  ✓ 4725 株式会社ＣＡＣ　Ｈｏｌｄｉｎｇｓ  16件
  ✓ 9563 Ａｔｌａｓ　Ｔｅｃｈｎｏｌｏｇｉ   8件
  ✓ 3904 株式会社カヤック           8件
  ✓ 6612 バルミューダ株式会社         8件
  ✓ 1449 株式会社ＦＵＪＩジャパン      18件
  ✓ 3091 株式会社ブロンコビリー        8件
  ✓ 377A 株式会社エージェントＩＧホールデ   5件
  ✓ 6627 株式会社テラプローブ         8件
  ✓ 5015 ビーピー・カストロール株式会社    6件
  ✓ 7244 市光工業株式会社           8件
  ✓ 3405 株式会社クラレ           28件
  ✓ 3950 ザ・パック株式会社         16件
  ✓ 5619 マーソ株式会社            8件
  ✓ 9656 グリーンランドリゾート株式会社   28件
  ✓ 6223 株式会社　西部技研          8件
  ✓ 7425 初穂商事株式会社          20件
  ✓ 4595 株式会社ミズホメディー        6件
  ✓ 5214 日本電気硝子株式会社         8件
  ✓ 2216 カンロ株式会社            4件
  ✓ 6524 湖北工業株式会社          16件
  ✓ 6302 住友重機械工業株式会社       24件
  ✓ 3196 株式会社ホットランドホールディン  20件
  ✓ 4848 株式会社フルキャストホールディン  24件
  ✓ 7846 株式会社パイロットコーポレーショ  24件
  ✓ 3566 ユニフォームネクスト株式会社     6件
  ✓ 9768 いであ株式会社           28件
  ✓ 6054 株式会社リブセンス          8件
  ✓ 2491 バリューコマース株式会社      20件
  ✓ 6376 日機装株式会社           16件
  ✓ 3204 株式会社トーア紡コーポレーション   8件
  ✓ 4578 大塚ホールディングス株式会社    24件
  ✓ 2009 鳥越製粉株式会社           8件
  ✓ 5950 日本パワーファスニング株式会社    8件
  ✓ 7740 株式会社タムロン          20件
  ✓ 3350 株式会社メタプラネット       16件
  ✓ 1994 高橋カーテンウォール工業株式会社  16件
  ✓ 6561 株式会社ＨＡＮＡＴＯＵＲ　ＪＡＰ  20件
  ✓ 5242 株式会社アイズ            6件
  ✓ 6630 ヤーマン株式会社          12件
  ✓ 5240 ｍｏｎｏＡＩ　ｔｅｃｈｎｏｌｏｇ   8件
  ✓ 6099 株式会社エラン            8件
  ✓ 3436 株式会社ＳＵＭＣＯ          8件
  ✓ 7992 セーラー万年筆株式会社       16件
  ✓ 5105 ＴＯＹＯ　ＴＩＲＥ株式会社     16件
  ✓ 9173 東海汽船株式会社          24件
  ✓ 4572 カルナバイオサイエンス株式会社   14件
  ✓ 9621 株式会社建設技術研究所       16件
  ✓ 6635 株式会社大日光・エンジニアリング  16件
  ✓ 9702 株式会社アイ・エス・ビー      16件
  ✓ 3138 株式会社富士山マガジンサービス   16件
  ✓ 2986 株式会社ＬＡホールディングス    24件
  ✓ 3947 ダイナパック株式会社        16件
  ✓ 6269 三井海洋開発株式会社         8件
  ✓ 4912 ライオン株式会社          14件
  ✓ 6459 大和冷機工業株式会社         6件
  ✓ 5216 株式会社倉元製作所         24件
  ✓ 3001 片倉工業株式会社          24件
  ✓ 7359 株式会社東京通信グループ      16件
  ✓ 7833 株式会社アイフィスジャパン     28件
  ✓ 6694 株式会社ズーム            8件
  ✓ 4235 ウルトラファブリックス・ホールデ   8件
  ✓ 4482 株式会社ウィルズ          12件
  ✓ 149A 株式会社シンカ            6件
  ✓ 7362 株式会社Ｔ．Ｓ．Ｉ         16件
  ✓ 4450 株式会社パワーソリューションズ    8件
  ✓ 3775 株式会社ガイアックス        16件
  ✓ 8946 株式会社ＡＳＩＡＮ　ＳＴＡＲ    26件
  ✓ 4704 トレンドマイクロ株式会社      24件
  ✓ 7625 株式会社グローバルダイニング     8件
  ✓ 2573 北海道コカ・コーラボトリング株式   8件
  ✓ 4768 株式会社　大塚商会         16件
  ✓ 146A コロンビア・ワークス株式会社     8件
  ✓ 3197 株式会社すかいらーくホールディン   8件
  ✓ 6769 ザインエレクトロニクス株式会社   16件
  ✓ 2499 日本和装ホールディングス株式会社   8件
  ✓ 5187 クリエートメディック株式会社     8件
  ✓ 5035 ＨＯＵＳＥＩ株式会社        16件
  ✓ 6400 不二精機株式会社          16件
  ✓ 7128 ユニソルホールディングス株式会社  24件
  ✓ 7984 コクヨ株式会社           24件
  ✓ 3449 株式会社テクノフレックス      24件
  ✓ 4612 日本ペイントホールディングス株式  26件
  ✓ 7776 株式会社セルシード         14件
  ✓ 1605 株式会社ＩＮＰＥＸ         14件
  ✓ 5563 新日本電工株式会社         28件
  ✓ 4642 オリジナル設計株式会社        8件
  ✓ 5943 株式会社ノーリツ          16件
  ✓ 9827 リリカラ株式会社          18件
  ✓ 3482 ロードスターキャピタル株式会社    8件
  ✓ 5959 岡部株式会社             8件
  ✓ 2932 株式会社ＳＴＩフードホールディン  14件
  ✓ 4755 楽天グループ株式会社        14件
  ✓ 219A Ｈｅａｒｔｓｅｅｄ株式会社      6件
  ✓ 9345 ビズメイツ株式会社         16件
  ✓ 3452 株式会社ビーロット         20件
  ✓ 5039 株式会社キットアライブ        6件
  ✓ 7354 株式会社ダイレクトマーケティング  16件
  ✓ 3911 株式会社Ａｉｍｉｎｇ         8件
  ✓ 2436 共同ピーアール株式会社       20件
  ✓ 3445 株式会社ＲＳ　Ｔｅｃｈｎｏｌｏｇ  20件
  ✓ 5027 ＡｎｙＭｉｎｄ　Ｇｒｏｕｐ株式会   8件
  ✓ 6071 株式会社ＩＢＪ           28件
  ✓ 4180 Ａｐｐｉｅｒ　Ｇｒｏｕｐ株式会社   8件
  ✓ 6653 株式会社正興電機製作所       24件
  ✓ 2124 株式会社ジェイエイシーリクルート  14件
  ✓ 5591 株式会社ＡＶＩＬＥＮ         8件
  ✓ 3968 セグエグループ株式会社        8件
  ✓ 3683 株式会社サイバーリンクス      24件
  ✓ 3053 株式会社ペッパーフードサービス   18件
  ✓ 148A 株式会社ハッチ・ワーク       14件
  ✓ 3680 株式会社ホットリンク        16件
  ✓ 4428 株式会社シノプス           6件
  ✓ 4019 株式会社スタメン           8件
  ✓ 6914 オプテックスグループ株式会社    20件
  ✓ 3105 日清紡ホールディングス株式会社   36件
  ✓ 6029 アトラグループ株式会社       16件
  ✓ 3276 株式会社ＪＰＭＣ           8件
  ✓ 3656 ＫＬａｂ株式会社          10件
  ✓ 281A インフォメティス株式会社       8件
  ✓ 4395 株式会社アクリート         20件
  ✓ 4324 株式会社電通グループ        14件
  ✓ 2330 株式会社フォーサイド        22件
  ✓ 4074 株式会社ラキール           8件
  ✓ 504A イノバセル株式会社          6件
  ✓ 4481 ベース株式会社            8件
  ✓ 4820 株式会社イーエムシステムズ（商号  20件
  ✓ 6592 マブチモーター株式会社       24件
  ✓ 7347 株式会社マーキュリアホールディン   6件
  ✓ 5301 東海カーボン株式会社        12件
  ✓ 290A 株式会社Ｓｙｎｓｐｅｃｔｉｖｅ    8件
  ✓ 4245 株式会社ダイキアクシス       20件
  ✓ 6977 株式会社日本抵抗器製作所       8件
  ✓ 5588 ファーストアカウンティング株式会   4件
  ✓ 7609 ダイトロン株式会社         20件
  ✓ 4746 株式会社東計電算          20件
  ✓ 5616 株式会社雨風太陽          14件
  ✓ 1663 Ｋ＆Ｏエナジーグループ株式会社   16件
  ✓ 4374 株式会社ＲＯＢＯＴ　ＰＡＹＭＥＮ  10件
  ✓ 4107 伊勢化学工業株式会社        16件
  ✓ 286A 株式会社ユカリア          20件
  ✓ 1429 株式会社日本アクア          6件
  ✓ 5997 協立エアテック株式会社        8件
  ✓ 4011 株式会社ヘッドウォータース      8件
  ✓ 6497 株式会社ハマイ           16件
  ✓ 8029 株式会社ルックホールディングス   36件
  ✓ 6063 日本エマージェンシーアシスタンス  16件
  ✓ 3696 株式会社セレス           16件
  ✓ 6265 コンバム株式会社          16件
  ✓ 4060 ｒａｋｕｍｏ株式会社         8件
  ✓ 7716 株式会社ナカニシ          24件
  ✓ 6444 サンデン株式会社           8件
  ✓ 4919 株式会社ミルボン           8件
  ✓ 9757 株式会社船井総研ホールディングス  20件
  ✓ 4020 ビートレンド株式会社         6件
  ✓ 2752 株式会社フジオフードグループ本社  16件
  ✓ 6143 株式会社ソディック         20件
  ✓ 7957 フジコピアン株式会社        12件
  ✓ 2503 キリンホールディングス株式会社   24件
  ✓ 7782 株式会社シンシア          20件
  ✓ 334A 株式会社ビジュアル・プロセッシン   6件
  ✓ 338A 株式会社ＺｅｎｍｕＴｅｃｈ      6件
  ✓ 3054 株式会社ハイパー          16件
  ✓ 4476 ＡＩ　ＣＲＯＳＳ株式会社      14件
  ✓ 4375 セーフィー株式会社          8件
  ✓ 4811 株式会社ドリーム・アーツ      20件
  ✓ 7613 シークス株式会社          28件
  ✓ 4379 株式会社Ｐｈｏｔｏｓｙｎｔｈ     8件
  ✓ 3474 Ｇ－ＦＡＣＴＯＲＹ株式会社     16件
  ✓ 4596 窪田製薬ホールディングス株式会社   6件
  ✓ 6291 日本エアーテック株式会社       6件
  ✓ 3416 ピクスタ株式会社          16件
  ✓ 4776 サイボウズ株式会社          8件
  ✓ 4392 ＦＩＧ株式会社           16件
  ✓ 3758 株式会社アエリア          20件
  ✓ 3981 株式会社ビーグリー         16件
  ✓ 4264 株式会社セキュア           8件
  ✓ 9561 株式会社グラッドキューブ       8件
  ✓ 3928 株式会社マイネット         16件
  ✓ 9271 株式会社和心            12件
  ✓ 4583 株式会社カイオム・バイオサイエン  13件
  ✓ 3998 株式会社すららネット         8件
  ✓ 7093 アディッシュ株式会社         8件
  ✓ 9612 株式会社ラックランド         8件
  ✓ 4377 株式会社ワンキャリア         4件
  ✓ 3976 株式会社シャノン          16件
  ✓ 3777 株式会社環境フレンドリーホールデ  20件
  ✓ 7986 日本アイ・エス・ケイ株式会社    24件
  ✓ 3807 株式会社フィスコ          18件
  ✓ 5537 株式会社ＡｌｂａＬｉｎｋ       6件
  ✓ 4766 株式会社ピーエイ          20件
  ✓ 8202 ラオックスホールディングス株式会  24件
  ✓ 9246 株式会社プロジェクトホールディン  20件
  ✓ 4371 株式会社コアコンセプト・テクノロ   8件
  ✓ 2215 第一屋製パン株式会社        16件
  ✓ 4892 株式会社サイフューズ         6件
  ✓ 9399 ビート・ホールディングス・リミテ   8件
  ✓ 3241 株式会社ウィル           28件
  ✓ 7044 株式会社ピアラ            8件
  ✓ 4487 株式会社スペースマーケット      8件
  ✓ 5618 ナイル株式会社           16件
  ✓ 4351 株式会社山田再生系債権回収総合事  20件
  ✓ 4449 株式会社ギフティ           8件
  ✓ 4286 株式会社ＣＬホールディングス     8件
  ✓ 6573 ＣＲＡＶＩＡ株式会社        20件
  ✓ 3671 ソフトマックス株式会社        6件
  ✓ 2160 株式会社ジーエヌアイグループ    16件
  ✓ 4480 株式会社メドレー          20件
  ✓ 153A 株式会社カウリス           6件
  ✓ 6141 ＤＭＧ森精機株式会社        20件
  ✓ 4056 ニューラルグループ株式会社      8件
  ✓ 6870 日本フェンオール株式会社      28件
  ✓ 8040 株式会社東京ソワール        16件
  ✓ 4168 株式会社ヤプリ            4件
  ✓ 4891 ㈱ティムス              2件
  ✓ 3997 株式会社トレードワークス       8件
  ✓ 2169 ＣＤＳ株式会社            8件
  ✓ 5965 株式会社フジマック          8件
  ✓ 7793 株式会社イメージ・マジック      6件
  ✓ 2173 株式会社博展             8件
  ✓ 2325 株式会社ＮＪＳ           16件
  ✓ 7039 ブリッジインターナショナル株式会  20件
  ✓ 3727 株式会社アプリックス        12件
  ✓ 3719 ＡＩストーム株式会社        16件
  ✓ 4170 株式会社Ｋａｉｚｅｎ　Ｐｌａｔｆ  16件
  ✓ 6546 フルテック株式会社         16件
  ✓ 5597 ブルーイノベーション株式会社     6件
  ✓ 6748 星和電機株式会社          20件
  ✓ 5542 新報国マテリアル株式会社      10件
  ✓ 5816 オーナンバ株式会社         20件
  ✓ 519A 株式会社ベーシック          6件
  ✓ 6835 アライドテレシスホールディングス  24件
  ✓ 9973 ＫＯＺＯホールディングス株式会社  20件
  ✓ 9416 株式会社ビジョン          20件
  ✓ 6425 株式会社ユニバーサルエンターテイ  16件
  ✓ 2721 株式会社ジェイホールディングス   22件
  ✓ 6537 ＷＡＳＨハウス株式会社       16件
  ✓ 9213 株式会社セイファート         8件
  ✓ 2788 アップルインターナショナル株式会  12件
  ✓ 4420 イーソル株式会社          16件
  ✓ 472A 株式会社ミラティブ          4件
  ✓ 9214 Ｒｅｃｏｖｅｒｙ　Ｉｎｔｅｒｎａ   8件
  ✓ 9211 株式会社エフ・コード         8件
  ✓ 4777 株式会社ガーラ           16件
  ✓ 9218 株式会社メンタルヘルステクノロジ  16件
  ✓ 6081 アライドアーキテクツ株式会社     8件
  ✓ 6177 ＡｐｐＢａｎｋ株式会社        8件
  ✓ 319A 株式会社技術承継機構         8件
  ✓ 9704 株式会社アゴーラホスピタリティー  16件
  ✓ 3663 株式会社セルシス           6件
  ✓ 5957 日東精工株式会社          24件
  ✓ 6232 株式会社ＡＣＳＬ           8件
  ✓ 4261 アジアクエスト株式会社        8件
  ✓ 4331 株式会社テイクアンドギヴ・ニーズ   6件
  ✓ 6031 ＺＥＴＡ株式会社           8件
  ✓ 4935 株式会社リベルタ           8件
  ✓ 7036 株式会社イーエムネットジャパン    4件
  ✓ 4438 株式会社Ｗｅｌｂｙ          8件
  ✓ 5255 株式会社モンスターラボ       16件
  ✓ 6721 ウインテスト株式会社         8件
  ✓ 4820 株式会社イーエムシステムズ（商号  20件
  ✓ 3246 株式会社コーセーアールイー     24件
  ✓ 2590 ダイドーグループホールディングス  28件
  ✓ 7865 ピープル株式会社           6件
  ✓ 1928 積水ハウス株式会社         36件
  ✓ 1433 ベステラ株式会社          12件
  ✓ 7590 株式会社タカショー         28件
  ✓ 6619 ダブル・スコープ株式会社      10件
  ✓ 6966 株式会社三井ハイテック       20件
  ✓ 9636 株式会社きんえい          14件
  ✓ 4592 サンバイオ株式会社          6件
  ✓ 6654 不二電機工業株式会社         6件
  ✓ 9692 株式会社シーイーシー        20件
  ✓ 3657 ポールトゥウィンホールディングス   8件
  ✓ 2983 株式会社アールプランナー      16件
  ✓ 1758 太洋基礎工業株式会社        30件
  ✓ 5031 モイ株式会社             6件
  ✓ 3071 株式会社ストリーム         16件
  ✓ 9743 株式会社丹青社           20件
  ✓ 8013 株式会社ナイガイ          16件
  ✓ 5248 株式会社テクノロジーズ       22件
  ✓ 3415 株式会社ＴＯＫＹＯ　ＢＡＳＥ     8件
  ✓ 6696 株式会社トラース・オン・プロダク   7件
  ✓ 7878 株式会社光・彩            6件
  ✓ 2163 株式会社アルトナー          4件
  ✓ 2997 株式会社ストレージ王        18件
  ✓ 4238 ミライアル株式会社         16件
  ✓ 2217 モロゾフ株式会社           8件
  ✓ 6336 株式会社石井表記          16件
  ✓ 3320 クロスプラス株式会社         8件
  ✓ 5889 Ｊａｐａｎ　Ｅｙｅｗｅａｒ　Ｈｏ  16件
  ✓ 3070 株式会社ジェリービーンズグループ  14件
  ✓ 7678 株式会社あさくま           6件
  ✓ 5888 ＤＡＩＷＡ　ＣＹＣＬＥ株式会社    6件
  ✓ 5075 アップコン株式会社          6件
  ✓ 7196 株式会社Ｃａｓａ           8件
  ✓ 4380 株式会社Ｍマート           4件
  ✓ 3931 株式会社バリューゴルフ       16件
  ✓ 6184 株式会社鎌倉新書           8件
  ✓ 4369 株式会社　トリケミカル研究所     8件
  ✓ 6757 株式会社ＯＳＧコーポレーション   24件
  ✓ 2776 新都ホールディングス株式会社    18件
  ✓ 3159 丸善ＣＨＩホールディングス株式会  24件
  ✓ 4287 株式会社ジャストプランニング    24件
  ✓ 3169 株式会社ミサワ            6件
  ✓ 4175 株式会社ｃｏｌｙ           6件
  ✓ 6898 トミタ電機株式会社         16件
  ✓ 7674 株式会社ＮＡＴＴＹ　ＳＷＡＮＫＹ   8件
  ✓ 3955 株式会社イムラ           16件
  ✓ 9632 スバル興業株式会社         20件
  ✓ 4334 株式会社ユークス           8件
  ✓ 8142 株式会社トーホー          22件
  ✓ 3665 株式会社エニグモ          16件
  ✓ 168A 株式会社イタミアート         4件
  ✓ 3921 株式会社ネオジャパン        20件
  ✓ 3565 アセンテック株式会社         8件
  ✓ 7683 株式会社ダブルエー         16件
  ✓ 7064 株式会社ハウテレビジョン       8件
  ✓ 7073 株式会社ジェイック          8件
  ✓ 9166 株式会社ＧＥＮＤＡ         12件
  ✓ 4174 株式会社アピリッツ         20件
  ✓ 456A ＨＵＭＡＮ　ＭＡＤＥ株式会社     6件
  ✓ 7614 株式会社オーエムツーネットワーク  16件
  ✓ 4813 株式会社ＡＣＣＥＳＳ        20件
  ✓ 446A 株式会社ノースサンド         6件
  ✓ 3399 株式会社丸千代山岡家         6件
  ✓ 3681 株式会社ブイキューブ        20件
  ✓ 278A Ｔｅｒｒａ　Ｄｒｏｎｅ株式会社   16件
  ✓ 8276 株式会社　平和堂          12件
  ✓ 8227 株式会社しまむら          16件
  ✓ 2778 パレモ・ホールディングス株式会社   8件
  ✓ 7545 株式会社西松屋チェーン        4件
  ✓ 3333 株式会社あさひ            6件
  ✓ 8217 株式会社オークワ           8件
  ✓ 9976 株式会社　セキチュー        10件
  ✓ 6279 株式会社瑞光             8件
  ✓ 7512 イオン北海道株式会社         6件
  ✓ 4933 株式会社Ｉ－ｎｅ          16件
  ✓ 8278 株式会社フジ             8件
  ✓ 8198 マックスバリュ東海株式会社      8件
  ✓ 8166 株式会社タカキュー          6件
  ✓ 6814 古野電気株式会社          20件
  ✓ 7520 株式会社エコス            8件
  ✓ 4343 株式会社イオンファンタジー     20件
  ✓ 9253 スローガン株式会社          8件
  ✓ 7624 株式会社ＮａＩＴＯ          8件
  ✓ 2653 イオン九州株式会社          8件
  ✓ 3353 株式会社メディカル一光グループ   24件
  ✓ 9876 株式会社コックス           8件
  ✓ 8570 イオンフィナンシャルサービス株式  16件
  ✓ 7975 株式会社リヒトラブ         16件
  ✓ 2668 タビオ株式会社            8件
  ✓ 8233 株式会社髙島屋           20件
  ✓ 3382 株式会社セブン＆アイ・ホールディ  16件
  ✓ 8185 株式会社チヨダ            8件
  ✓ 9946 ミニストップ株式会社        10件
  ✓ 3608 株式会社ＴＳＩホールディングス   16件
  ✓ 2379 ディップ株式会社          16件
  ✓ 275A ハンワホームズ株式会社       14件
  ✓ 7649 スギホールディングス株式会社     8件
  ✓ 9974 株式会社ベルク            8件
  ✓ 8203 株式会社ミスターマックス・ホール   8件
  ✓ 2337 いちご株式会社           28件
  ✓ 3222 ユナイテッド・スーパーマーケット   8件
  ✓ 3612 株式会社ワールド          24件
  ✓ 2354 株式会社ＹＥ　ＤＩＧＩＴＡＬ     8件
  ✓ 4714 株式会社　リソー教育グループ    28件
  ✓ 2292 エスフーズ株式会社         20件
  ✓ 3391 株式会社ツルハホールディングス    8件
  ✓ 3198 ＳＦＰホールディングス株式会社    8件
  ✓ 9842 アークランズ株式会社        16件
  ✓ 7679 株式会社薬王堂ホールディングス    8件
  ✓ 6086 シンメンテホールディングス株式会   8件
  ✓ 3550 株式会社スタジオアタオ        6件
  ✓ 7894 丸東産業株式会社           8件
  ✓ 9861 株式会社吉野家ホールディングス   20件
  ✓ 7908 株式会社きもと           24件
  ✓ 9381 株式会社エーアイテイー       10件
  ✓ 7603 ジーイエット株式会社        12件
  ✓ 6521 株式会社オキサイド          8件
  ✓ 2683 株式会社魚喜            20件
  ✓ 6323 ローツェ株式会社          16件
  ✓ 2186 ソーバル株式会社           8件
  ✓ 4017 株式会社クリーマ           8件
  ✓ 9388 株式会社パパネッツ          6件
  ✓ 6093 株式会社エスクロー・エージェント  24件
  ✓ 5078 株式会社セレコーポレーション    20件
  ✓ 4432 ウイングアーク１ｓｔ株式会社     8件
  ✓ 2670 株式会社エービーシー・マート    16件
  ✓ 2341 株式会社アルバイトタイムス     16件
  ✓ 8931 和田興産株式会社          22件
  ✓ 2669 カネ美食品株式会社         14件
  ✓ 7811 中本パックス株式会社         8件
  ✓ 9982 タキヒヨー株式会社         20件
  ✓ 2742 株式会社ハローズ           6件
  ✓ 8244 株式会社近鉄百貨店         24件
  ✓ 2930 株式会社北の達人コーポレーション   8件
  ✓ 2686 株式会社ジーフット          8件
  ✓ 1418 インターライフホールディングス株  20件
  ✓ 9846 株式会社天満屋ストア        12件
  ✓ 2659 株式会社サンエー          12件
  ✓ 8167 株式会社リテールパートナーズ    10件
  ✓ 6469 株式会社　放電精密加工研究所    20件
  ✓ 8125 株式会社ワキタ           20件
  ✓ 8267 イオン株式会社           24件
  ✓ 4735 株式会社京進            20件
  ✓ 3915 株式会社テラスカイ         16件
  ✓ 365A 伊澤タオル株式会社          6件
  ✓ 6183 株式会社ベルシステム２４ホールデ  10件
  ✓ 4270 株式会社ＢｅｅＸ           4件
  ✓ 2698 株式会社キャンドゥ          8件
  ✓ 2872 株式会社セイヒョー          6件
  ✓ 4434 株式会社サーバーワークス       8件
  ✓ 9601 松竹株式会社            20件
  ✓ 3562 株式会社Ｎｏ．１           8件
  ✓ 9948 株式会社アークス           8件
  ✓ 6506 株式会社安川電機          20件
  ✓ 323A 株式会社フライヤー          8件
  ✓ 9602 東宝株式会社            14件
  ✓ 6572 オープングループ株式会社      16件
  ✓ 3935 株式会社エディア           8件
  ✓ 7599 株式会社ＩＤＯＭ          12件
  ✓ 9778 株式会社昴              6件
  ✓ 3080 株式会社ジェーソン          8件
  ✓ 5018 株式会社ＭＯＲＥＳＣＯ       24件
  ✓ 3065 株式会社ライフフーズ         6件
  ✓ 8194 株式会社ライフコーポレーション   10件
  ✓ 9740 セントラル警備保障株式会社     16件
  ✓ 7427 エコートレーディング株式会社     8件
  ✓ 2726 株式会社パルグループホールディン  16件
  ✓ 2747 北雄ラッキー株式会社         6件
  ✓ 5817 ＪＭＡＣＳ株式会社          6件
  ✓ 6532 株式会社ベイカレント         8件
  ✓ 2685 株式会社アンドエスティＨＤ     12件
  ✓ 8273 株式会社イズミ           12件
  ✓ 5982 株式会社マルゼン          16件
  ✓ 3087 株式会社ドトール・日レスホールデ  16件
  ✓ 7485 岡谷鋼機株式会社          24件
  ✓ 6897 株式会社ツインバード         6件
  ✓ 3546 アレンザホールディングス株式会社  24件
  ✓ 5271 株式会社トーヨーアサノ       16件
  ✓ 2687 株式会社シー・ヴイ・エス・ベイエ  18件
  ✓ 3093 株式会社トレジャー・ファクトリー  12件
  ✓ 9716 株式会社乃村工藝社          8件
  ✓ 3086 Ｊ．フロント　リテイリング株式会  24件
  ✓ 3922 株式会社ＰＲ　ＴＩＭＥＳ      12件
  ✓ 2300 株式会社きょくとう          6件
  ✓ 4763 株式会社クリーク・アンド・リバー  28件
  ✓ 6555 株式会社ＭＳ＆Ｃｏｎｓｕｌｔｉｎ   8件
  ✓ 9661 株式会社歌舞伎座          20件
  ✓ 3387 株式会社クリエイト・レストランツ   8件
  ✓ 6543 株式会社日宣            12件
  ✓ 7611 株式会社ハイデイ日高         6件
  ✓ 9793 株式会社ダイセキ           8件
  ✓ 2305 株式会社スタジオアリス        8件
  ✓ 135A 株式会社ＶＲＡＩＮ　Ｓｏｌｕｔｉ   6件
  ✓ 7515 株式会社マルヨシセンター       8件
  ✓ 2935 株式会社ピックルスホールディング   8件
  ✓ 9835 株式会社ジュンテンドー        6件
  ✓ 3050 ＤＣＭホールディングス株式会社   12件
  ✓ 7608 株式会社エスケイジャパン      16件
  ✓ 7544 株式会社スリーエフ          8件
  ✓ 8200 株式会社リンガーハット       14件
  ✓ 4645 株式会社市進ホールディングス    16件
  ✓ 3280 株式会社エストラスト        20件
  ✓ 2918 わらべや日洋ホールディングス株式  20件
  ✓ 9993 株式会社ヤマザワ          20件
  ✓ 3181 株式会社買取王国           6件
  ✓ 8237 株式会社松屋            20件
  ✓ 8260 株式会社井筒屋           16件
  ✓ 9903 株式会社カンセキ          14件
  ✓ 6224 株式会社ＪＲＣ           20件
  ✓ 8016 株式会社オンワードホールディング  16件
  ✓ 4494 バリオセキュア株式会社        6件
  ✓ 7077 株式会社ＡＬｉＮＫインターネット  24件
  ✓ 7601 株式会社ポプラ           12件
  ✓ 3967 株式会社エルテス          24件
  ✓ 274A 株式会社ガーデン           6件
  ✓ 5025 株式会社マーキュリー         6件
  ✓ 3490 株式会社アズ企画設計        20件
  ✓ 3543 株式会社コメダホールディングス   16件
  ✓ 8008 株式会社ヨンドシーホールディング  16件
  ✓ 3558 ジェイドグループ株式会社       8件
  ✓ 4413 株式会社ボードルア          8件
  ✓ 2882 株式会社イートアンドホールディン  16件
  ✓ 3396 株式会社フェリシモ          8件
  ✓ 304A フォルシア株式会社          6件
  ✓ 2798 株式会社ワイズテーブルコーポレー  16件
  ✓ 339A プログレス・テクノロジーズ　グル   8件
  ✓ 4429 リックソフト株式会社         8件
  ✓ 6142 富士精工株式会社          28件
  ✓ 7049 株式会社識学            16件
  ✓ 3977 フュージョン株式会社         6件
  ✓ 6182 株式会社メタリアル         24件
  ✓ 8181 株式会社東天紅           14件
  ✓ 8005 株式会社スクロール         24件
  ✓ 7630 株式会社壱番屋            8件
  ✓ 3030 株式会社ハブ             6件
  ✓ 8918 株式会社ランド            8件
  ✓ 8011 株式会社三陽商会           8件
  ✓ 2884 株式会社ヨシムラ・フード・ホール  20件
  ✓ 3678 株式会社メディアドゥ        16件
  ✓ 6085 アーキテクツ・スタジオ・ジャパン  20件
  ✓ 2338 クオンタムソリューションズ株式会  16件
  ✓ 2936 ベースフード株式会社         6件
  ✓ 3223 株式会社エスエルディー        6件
  ✓ 7807 株式会社幸和製作所          8件
  ✓ 3075 株式会社銚子丸            6件
  ✓ 3627 テクミラホールディングス株式会社  20件
  ✓ 3548 株式会社バロックジャパンリミテッ   8件
  ✓ 9168 株式会社ライズ・コンサルティング   8件
  ✓ 6432 株式会社竹内製作所         28件
  ✓ 6578 株式会社コレックホールディングス  20件
  ✓ 7847 株式会社グラファイトデザイン     6件
  ✓ 3996 サインポスト株式会社        18件
  ✓ 8289 株式会社Ｏｌｙｍｐｉｃグループ    8件
  ✓ 3260 株式会社エスポア          16件
  ✓ 3063 株式会社ジェイグループホールディ  16件
  ✓ 2789 株式会社カルラ            8件
  ✓ 3384 株式会社アークコア         14件
  ✓ 4317 株式会社レイ            16件
  ✓ 7357 株式会社ジオコード          8件
  ✓ 4920 株式会社日本色材工業研究所     16件
  ✓ 3177 株式会社ありがとうサービス     20件
  ✓ 4709 株式会社ＩＤホールディングス     8件
  ✓ 8247 株式会社大和            24件
  ✓ 7689 株式会社コパ・コーポレーション    6件
  ✓ 7516 コーナン商事株式会社         8件
  ✓ 5900 株式会社ダイケン           8件
  ✓ 8143 株式会社ラピーヌ           8件
  ✓ 3826 株式会社システムインテグレータ   20件
  ✓ 6058 株式会社ベクトル          28件
  ✓ 7719 株式会社東京衡機          18件
  ✓ 7610 株式会社テイツー           8件
  ✓ 6228 株式会社ジェイ・イー・ティ      8件
  ✓ 4490 株式会社ビザスク           6件
  ✓ 7815 東京ボード工業株式会社        8件
  ✓ 8739 スパークス・グループ株式会社     6件
  ✓ 9326 関通ホールディングス株式会社    16件
  ✓ 3479 株式会社ティーケーピー       18件
  ✓ 9238 バリュークリエーション株式会社   14件
  ✓ 3557 ユナイテッド＆コレクティブ株式会   6件
  ✓ 3083 スターシーズ株式会社        18件
  ✓ 7236 株式会社ティラド          28件
  ✓ 8061 西華産業株式会社          20件
  ✓ 7741 ＨＯＹＡ株式会社           6件
  ✓ 9029 株式会社ヒガシホールディングス   24件
  ✓ 9127 玉井商船株式会社          12件
  ✓ 3092 株式会社ＺＯＺＯ           8件
  ✓ 8190 株式会社ヤマナカ           8件
  ✓ 3116 トヨタ紡織株式会社         28件
  ✓ 2768 双日株式会社             4件
  ✓ 6995 株式会社東海理化電機製作所     20件
  ✓ 5990 株式会社スーパーツール       16件
  ✓ 9436 沖縄セルラー電話株式会社       6件
  ✓ 4220 リケンテクノス株式会社       24件
  ✓ 2664 株式会社カワチ薬品          8件
  ✓ 9143 ＳＧホールディングス株式会社    14件
  ✓ 7203 トヨタ自動車株式会社        10件
  ✓ 7380 株式会社十六フィナンシャルグルー   8件
  ✓ 9040 大宝運輸株式会社           4件
  ✓ 7283 愛三工業株式会社          24件
  ✓ 8697 株式会社日本取引所グループ      6件
  ✓ 296A 令和アカウンティング・ホールディ   8件
  ✓ 8285 三谷産業株式会社          32件
  ✓ 5906 エムケー精工株式会社        24件
  ✓ 4373 シンプレクス・ホールディングス株   8件
  ✓ 1835 東鉄工業株式会社          16件
  ✓ 6902 株式会社デンソー          24件
  ✓ 7186 株式会社横浜フィナンシャルグルー   4件
  ✓ 8795 株式会社Ｔ＆Ｄホールディングス   12件
  ✓ 2753 株式会社　あみやき亭        20件
  ✓ 7857 セキ株式会社            30件
  ✓ 5831 株式会社しずおかフィナンシャルグ   8件
  ✓ 9064 ヤマトホールディングス株式会社   14件
  ✓ 4523 エーザイ株式会社          28件
  ✓ 9046 神戸電鉄株式会社          12件
  ✓ 5344 株式会社ＭＡＲＵＷＡ        16件
  ✓ 7381 株式会社ＣＣＩグループ        8件
  ✓ 8624 いちよし証券株式会社         6件
  ✓ 4997 日本農薬株式会社          16件
  ✓ 3841 株式会社ジーダット          6件
  ✓ 8334 株式会社　群馬銀行          8件
  ✓ 8001 伊藤忠商事株式会社          4件
  ✓ 6035 株式会社アイ・アールジャパンホー   8件
  ✓ 2802 味の素株式会社           14件
  ✓ 9709 ＮＣＳ＆Ａ株式会社          8件
  ✓ 7971 東リ株式会社            20件
  ✓ 7327 株式会社第四北越フィナンシャルグ  10件
  ✓ 8053 住友商事株式会社           4件
  ✓ 8388 株式会社阿波銀行           8件
  ✓ 7259 株式会社アイシン          28件
  ✓ 8031 三井物産株式会社           4件
  ✓ 7167 株式会社めぶきフィナンシャルグル   4件
  ✓ 8705 日産証券グループ株式会社       6件
  ✓ 8058 三菱商事株式会社           4件
  ✓ 4902 コニカミノルタ株式会社       24件
  ✓ 7164 全国保証株式会社           6件
  ✓ 8002 丸紅株式会社             4件
  ✓ 7180 株式会社九州フィナンシャルグルー  10件
  ✓ 4390 株式会社アイ・ピー・エス       8件
  ✓ 4262 ニフティライフスタイル株式会社    8件
  ✓ 4204 積水化学工業株式会社        20件
  ✓ 4743 株式会社アイティフォー       16件
  ✓ 7419 株式会社ノジマ           36件
  ✓ 8131 株式会社ミツウロコグループホール  28件
  ✓ 4528 小野薬品工業株式会社         8件
  ✓ 4082 第一稀元素化学工業株式会社      8件
  ✓ 5367 株式会社ニッカトー         14件
  ✓ 8860 フジ住宅株式会社          28件
  ✓ 8714 株式会社池田泉州ホールディングス   8件
  ✓ 8098 稲畑産業株式会社          24件
  ✓ 9932 杉本商事株式会社          16件
  ✓ 1964 中外炉工業株式会社         20件
  ✓ 4544 Ｈ．Ｕ．グループホールディングス  20件
  ✓ 8524 株式会社北洋銀行           8件
  ✓ 9044 株式会社ＮＡＮＫＡＩ        16件
  ✓ 4307 株式会社野村総合研究所       24件
  ✓ 4401 株式会社ＡＤＥＫＡ         20件
  ✓ 8346 株式会社東邦銀行          10件
  ✓ 4539 日本ケミファ株式会社        12件
  ✓ 8360 株式会社　山梨中央銀行        4件
  ✓ 9663 株式会社ナガワ           18件
  ✓ 8341 株式会社七十七銀行          4件
  ✓ 5832 株式会社ちゅうぎんフィナンシャル  10件
  ✓ 5930 文化シヤッター株式会社        8件
  ✓ 2883 株式会社大冷             6件
  ✓ 8343 株式会社秋田銀行           8件
  ✓ 6741 日本信号株式会社          16件
  ✓ 1967 株式会社ヤマト           16件
  ✓ 9726 ＫＮＴ－ＣＴホールディングス株式   8件
  ✓ 8386 株式会社百十四銀行          8件
  ✓ 8051 株式会社山善            20件
  ✓ 2327 日鉄ソリューションズ株式会社     8件
  ✓ 9010 富士急行株式会社          12件
  ✓ 7278 株式会社エクセディ         20件
  ✓ 6861 株式会社キーエンス          8件
  ✓ 1850 南海辰村建設株式会社        16件
  ✓ 5857 ＡＲＥホールディングス株式会社   14件
  ✓ 7173 株式会社東京きらぼしフィナンシャ   8件
  ✓ 3778 さくらインターネット株式会社     8件
  ✓ 6590 芝浦メカトロニクス株式会社     24件
  ✓ 4091 日本酸素ホールディングス株式会社  28件
  ✓ 7931 未来工業株式会社          16件
  ✓ 2209 井村屋グループ株式会社       16件
  ✓ 4120 スガイ化学工業株式会社        6件
  ✓ 8359 株式会社八十二長野銀行        8件
  ✓ 5830 株式会社いよぎんホールディングス   8件
  ✓ 6294 オカダアイヨン株式会社       16件
  ✓ 8613 丸三証券株式会社           4件
  ✓ 4956 コニシ株式会社           20件
  ✓ 9551 メタウォーター株式会社       24件
  ✓ 2760 東京エレクトロンデバイス株式会社  16件
  ✓ 8381 株式会社山陰合同銀行         8件
  ✓ 9902 株式会社日伝             8件
  ✓ 9101 日本郵船株式会社          32件
  ✓ 2270 雪印メグミルク株式会社       20件
  ✓ 1801 大成建設株式会社          20件
  ✓ 8253 株式会社クレディセゾン       16件
  ✓ 8364 株式会社清水銀行           8件
  ✓ 2602 日清オイリオグループ株式会社    28件
  ✓ 4626 太陽ホールディングス株式会社    16件
  ✓ 2876 株式会社デルソーレ         10件
  ✓ 8572 アコム株式会社           14件
  ✓ 6101 株式会社ツガミ           24件
  ✓ 7752 株式会社リコー            8件
  ✓ 9412 スカパーＪＳＡＴ株式会社      10件
  ✓ 8133 伊藤忠エネクス株式会社       24件
  ✓ 9021 西日本旅客鉄道株式会社       24件
  ✓ 8130 株式会社サンゲツ          20件
  ✓ 4471 三洋化成工業株式会社        28件
  ✓ 2060 フィード・ワン株式会社       20件
  ✓ 9619 株式会社イチネンホールディングス  32件
  ✓ 9640 株式会社セゾンテクノロジー     20件
  ✓ 6349 株式会社小森コーポレーション    16件
  ✓ 8704 トレイダーズホールディングス株式  10件
  ✓ 9962 株式会社　ミスミグループ本社    20件
  ✓ 6324 株式会社ハーモニック・ドライブ・  24件
  ✓ 5076 インフロニア・ホールディングス株  18件
  ✓ 8007 高島株式会社            20件
  ✓ 8377 株式会社ほくほくフィナンシャルグ   4件
  ✓ 2871 株式会社ニチレイ          20件
  ✓ 4299 株式会社ハイマックス         8件
  ✓ 7477 ムラキ株式会社            8件
  ✓ 3848 株式会社データ・アプリケーション  18件
  ✓ 6146 株式会社ディスコ           8件
  ✓ 4503 アステラス製薬株式会社        8件
  ✓ 7211 三菱自動車工業株式会社       16件
  ✓ 9857 英和株式会社             8件
  ✓ 9325 ファイズホールディングス株式会社  24件
  ✓ 2767 円谷フィールズホールディングス株  16件
  ✓ 5332 ＴＯＴＯ株式会社          36件
  ✓ 9221 フルハシＥＰＯ株式会社       16件
  ✓ 8014 蝶理株式会社            14件
  ✓ 3393 スターティアホールディングス株式  18件
  ✓ 9432 ＮＴＴ株式会社           14件
  ✓ 8012 長瀬産業株式会社          28件
  ✓ 8088 岩谷産業株式会社          20件
  ✓ 303A 株式会社ｖｉｓｕｍｏ         6件
  ✓ 6073 株式会社アサンテ           8件
  ✓ 6231 木村工機株式会社           6件
  ✓ 7995 株式会社バルカー          18件
  ✓ 5892 株式会社ｙｕｔｏｒｉ         8件
  ✓ 3484 株式会社イノベーションホールディ  16件
  ✓ 7832 株式会社バンダイナムコホールディ  24件
  ✓ 9697 株式会社カプコン          20件
  ✓ 7057 株式会社エヌ・シー・エヌ       8件
  ✓ 9037 株式会社ハマキョウレックス     10件
  ✓ 6445 株式会社ジャノメ          20件
  ✓ 7157 ライフネット生命保険株式会社     4件
  ✓ 8750 株式会社第一ライフグループ      8件
  ✓ 6730 株式会社アクセル          16件
  ✓ 4765 ＳＢＩグローバルアセットマネジメ  16件
  ✓ 5208 株式会社有沢製作所          8件
  ✓ 8366 株式会社滋賀銀行           4件
  ✓ 3798 ＵＬＳグループ株式会社        8件
  ✓ 8818 京阪神ビルディング株式会社      8件
  ✓ 9057 遠州トラック株式会社         8件
  ✓ 8304 株式会社あおぞら銀行        12件
  ✓ 4832 ＪＦＥシステムズ株式会社       8件
  ✓ 1518 三井松島ホールディングス株式会社  20件
  ✓ 1738 株式会社ニットー          20件
  ✓ 2371 株式会社カカクコム         24件
  ✓ 9041 近鉄グループホールディングス株式  16件
  ✓ 5933 アルインコ株式会社         24件
  ✓ 8309 三井住友トラストグループ株式会社   4件
  ✓ 9042 阪急阪神ホールディングス株式会社  18件
  ✓ 7552 株式会社ハピネット         24件
  ✓ 3763 株式会社プロシップ         16件
  ✓ 2488 ＪＴＰ株式会社           18件
  ✓ 4929 株式会社アジュバンホールディング   8件
  ✓ 7554 株式会社幸楽苑            6件
  ✓ 5952 アマテイ株式会社          16件
  ✓ 4061 デンカ株式会社           24件
  ✓ 250A シマダヤ株式会社           8件
  ✓ 6762 ＴＤＫ株式会社           24件
  ✓ 6899 ＡＳＴＩ株式会社          20件
  ✓ 5991 日本発條株式会社          28件
  ✓ 9087 タカセ株式会社           10件
  ✓ 7475 アルビス株式会社           8件
  ✓ 417A 株式会社ブルーゾーンホールディン   4件
  ✓ 8601 株式会社大和証券グループ本社    12件
  ✓ 8844 株式会社コスモスイニシア      20件
  ✓ 7299 フジオーゼックス株式会社      12件
  ✓ 5695 パウダーテック株式会社       16件
  ✓ 8595 ジャフコ　グループ株式会社      6件
  ✓ 7823 株式会社アートネイチャー      14件
  ✓ 7337 株式会社ひろぎんホールディングス   8件
  ✓ 8544 株式会社　京葉銀行          4件
  ✓ 4644 イマジニア株式会社          8件
  ✓ 2342 株式会社トランスジェニックグルー  16件
  ✓ 5204 石塚硝子株式会社          32件
  ✓ 8410 株式会社セブン銀行         10件
  ✓ 2937 株式会社サンクゼール         8件
  ✓ 4202 株式会社ダイセル          24件
  ✓ 3891 ニッポン高度紙工業株式会社      8件
  ✓ 7906 ヨネックス株式会社         32件
  ✓ 5992 中央発條株式会社          24件
  ✓ 1925 大和ハウス工業株式会社       32件
  ✓ 3099 株式会社三越伊勢丹ホールディング  20件
  ✓ 9090 ＡＺ－ＣＯＭ丸和ホールディングス  12件
  ✓ 9368 キムラユニティー株式会社      20件
  ✓ 7966 リンテック株式会社         20件
  ✓ 6161 株式会社エスティック         8件
  ✓ 3232 三重交通グループホールディングス  14件
  ✓ 7949 小松ウオール工業株式会社       6件
  ✓ 4362 日本精化株式会社          16件
  ✓ 8630 ＳＯＭＰＯホールディングス株式会  12件
  ✓ 7871 フクビ化学工業株式会社       24件
  ✓ 8737 株式会社あかつき本社        10件
  ✓ 6472 ＮＴＮ株式会社           24件
  ✓ 7837 株式会社アールシーコア       20件
  ✓ 4114 株式会社日本触媒          16件
  ✓ 7282 豊田合成株式会社          32件
  ✓ 4951 エステー株式会社           8件
  ✓ 8358 スルガ銀行株式会社          6件
  ✓ 1333 Ｕｍｉｏｓ株式会社         20件
  ✓ 5938 株式会社ＬＩＸＩＬ         20件
  ✓ 6516 山洋電気株式会社          20件
  ✓ 5632 三菱製鋼株式会社           8件
  ✓ 8729 ソニーフィナンシャルグループ株式  10件
  ✓ 7940 ウェーブロックホールディングス株  16件
  ✓ 1979 株式会社大気社           16件
  ✓ 4216 旭有機材株式会社          20件
  ✓ 2497 ユナイテッド株式会社        24件
  ✓ 9682 株式会社ＤＴＳ           20件
  ✓ 4502 武田薬品工業株式会社         8件
  ✓ 2296 伊藤ハム米久ホールディングス株式  16件
  ✓ 3036 アルコニックス株式会社       24件
  ✓ 9519 株式会社レノバ           12件
  ✓ 8600 トモニホールディングス株式会社    4件
  ✓ 8585 株式会社オリエントコーポレーショ  16件
  ✓ 3284 株式会社フージャースホールディン  24件
  ✓ 6013 株式会社タクマ           24件
  ✓ 7917 ＺＡＣＲＯＳ株式会社        24件
  ✓ 5576 株式会社オービーシステム       8件
  ✓ 7775 大研医器株式会社           6件
  ✓ 9413 株式会社テレビ東京ホールディング  20件
  ✓ 6988 日東電工株式会社          20件
  ✓ 2152 幼児活動研究会株式会社       14件
  ✓ 5019 出光興産株式会社          28件
  ✓ 7241 フタバ産業株式会社         28件
  ✓ 7313 テイ・エス　テック株式会社     24件
  ✓ 8399 株式会社琉球銀行          14件
  ✓ 8871 株式会社ゴールドクレスト      24件
  ✓ 2815 アリアケジャパン株式会社       8件
  ✓ 6460 セガサミーホールディングス株式会  20件
  ✓ 9828 株式会社Ｇｅｎｋｉ　Ｇｌｏｂａｌ  16件
  ✓ 4973 日本高純度化学株式会社        6件
  ✓ 9020 東日本旅客鉄道株式会社       12件
  ✓ 7175 今村証券株式会社           4件
  ✓ 8150 三信電気株式会社          16件
  ✓ 9424 日本通信株式会社           8件
  ✓ 9908 日本電計株式会社          16件
  ✓ 9474 株式会社ゼンリン           8件
  ✓ 8558 株式会社東和銀行           4件
  ✓ 2475 ＷＤＢホールディングス株式会社   16件
  ✓ 4381 ビープラッツ株式会社         8件
  ✓ 9107 川崎汽船株式会社          20件
  ✓ 3842 株式会社ネクストジェン        8件
  ✓ 5949 ユニプレス株式会社         24件
  ✓ 9914 株式会社　植松商会          6件
  ✓ 6490 株式会社ＰＩＬＬＡＲ        16件
  ✓ 8345 株式会社岩手銀行          10件
  ✓ 7486 サンリン株式会社          24件
  ✓ 8018 三共生興株式会社          20件
  ✓ 9686 東洋テック株式会社         12件
  ✓ 9052 山陽電気鉄道株式会社        14件
  ✓ 4062 イビデン株式会社          16件
  ✓ 7322 株式会社三十三フィナンシャルグル   8件
  ✓ 3110 日東紡績株式会社          32件
  ✓ 3024 クリエイト株式会社         20件
  ✓ 9955 株式会社ヨンキュウ         16件
  ✓ 7774 株式会社ジャパン・ティッシュエン  18件
  ✓ 6402 兼松エンジニアリング株式会社     6件
  ✓ 3800 株式会社ユニリタ          20件
  ✓ 8562 株式会社　福島銀行         10件
  ✓ 9478 ＳＥホールディングス・アンド・イ  28件
  ✓ 4733 株式会社オービックビジネスコンサ   6件
  ✓ 1847 株式会社イチケン          16件
  ✓ 3682 エンカレッジ・テクノロジ株式会社   6件
  ✓ 6894 パルステック工業株式会社      20件
  ✓ 9045 京阪ホールディングス株式会社    16件
  ✓ 8622 水戸証券株式会社           4件
  ✓ 6301 株式会社小松製作所          6件
  ✓ 8387 株式会社四国銀行           4件
  ✓ 2226 株式会社湖池屋           16件
  ✓ 8392 株式会社大分銀行           8件
  ✓ 7366 株式会社ＬＩＴＡＬＩＣＯ      24件
  ✓ 9816 株式会社　ストライダーズ      20件
  ✓ 2130 株式会社メンバーズ          8件
  ✓ 4249 森六株式会社            16件
  ✓ 7687 株式会社ミクリード          6件
  ✓ 7120 株式会社ＳＨＩＮＫＯ        18件
  ✓ 1798 株式会社守谷商会          20件
  ✓ 3173 株式会社Ｃｏｍｉｎｉｘ       32件
  ✓ 7183 あんしん保証株式会社         4件
  ✓ 8015 豊田通商株式会社           6件
  ✓ 1762 株式会社髙松コンストラクショング  20件
  ✓ 8344 株式会社山形銀行          10件
  ✓ 7130 ヤマエグループホールディングス株  20件
  ✓ 5702 株式会社大紀アルミニウム工業所   12件
  ✓ 9308 乾汽船株式会社           20件
  ✓ 9428 株式会社クロップス         36件
  ✓ 3420 株式会社ケー・エフ・シー      20件
  ✓ 4208 ＵＢＥ株式会社           28件
  ✓ 1969 高砂熱学工業株式会社        16件
  ✓ 3969 株式会社エイトレッド         6件
  ✓ 8338 株式会社筑波銀行           4件
  ✓ 1952 新日本空調株式会社          6件
  ✓ 5805 ＳＷＣＣ株式会社          12件
  ✓ 1813 株式会社不動テトラ         20件
  ✓ 4109 ステラケミファ株式会社       16件
  ✓ 4246 ダイキョーニシカワ株式会社     24件
  ✓ 3437 特殊電極株式会社          20件
  ✓ 6834 株式会社　精工技研         12件
  ✓ 3850 株式会社エヌ・ティ・ティ・データ  16件
  ✓ 3553 共和レザー株式会社          8件
  ✓ 4619 日本特殊塗料株式会社        16件
  ✓ 6208 株式会社石川製作所         20件
  ✓ 3352 株式会社バッファロー         8件
  ✓ 5741 株式会社ＵＡＣＪ           8件
  ✓ 9889 ＪＢＣＣホールディングス株式会社  12件
  ✓ 3513 イチカワ株式会社          32件
  ✓ 2903 シノブフーズ株式会社         8件
  ✓ 8336 株式会社武蔵野銀行         10件
  ✓ 4549 栄研化学株式会社           8件
  ✓ 9950 株式会社ハチバン          14件
  ✓ 3020 アプライド株式会社         20件
  ✓ 7059 株式会社コプロ・ホールディングス   8件
  ✓ 3878 株式会社巴川コーポレーション    20件
  ✓ 3401 帝人株式会社            20件
  ✓ 7600 株式会社　日本エム・ディ・エム   16件
  ✓ 6382 トリニティ工業株式会社       16件
  ✓ 4536 参天製薬株式会社           8件
  ✓ 7384 株式会社プロクレアホールディング   8件
  ✓ 4665 株式会社ダスキン          16件
  ✓ 6345 株式会社アイチコーポレーション   12件
  ✓ 7047 ポート株式会社            8件
  ✓ 6770 アルプスアルパイン株式会社     20件
  ✓ 6178 日本郵政株式会社          16件
Traceback (most recent call last):
  File "/Users/saitoutaishou/src/steins/ir/ir-faq-mvp/scripts/edinet/batch.py", line 251, in <module>
    
  File "/Users/saitoutaishou/src/steins/ir/ir-faq-mvp/scripts/edinet/batch.py", line 246, in main
    meta = json.loads(meta_path.read_text(encoding="utf-8"))
             ^^^^^^^^^^^^^^^^^^^^^^^^^^^^^^^^^^^^^^^^^^^^^^^^
  File "/Users/saitoutaishou/src/steins/ir/ir-faq-mvp/scripts/edinet/batch.py", line 160, in run
    continue
      ^^^^^^^
  File "/Users/saitoutaishou/src/steins/ir/ir-faq-mvp/scripts/edinet/batch.py", line 101, in process_one
    try:
         
  File "/Users/saitoutaishou/src/steins/ir/ir-faq-mvp/scripts/edinet/client.py", line 161, in fetch_zip
    body = self._get(f"{API_BASE}/documents/{doc_id}?type=1")
           ^^^^^^^^^^^^^^^^^^^^^^^^^^^^^^^^^^^^^^^^^^^^^^^^^^
  File "/Users/saitoutaishou/src/steins/ir/ir-faq-mvp/scripts/edinet/client.py", line 110, in _get
    with urllib.request.urlopen(req, timeout=self._timeout) as res:  # noqa: S310
         ^^^^^^^^^^^^^^^^^^^^^^^^^^^^^^^^^^^^^^^^^^^^^^^^^^
  File "/Users/saitoutaishou/.asdf/installs/python/3.12.0/lib/python3.12/urllib/request.py", line 215, in urlopen
    return opener.open(url, data, timeout)
           ^^^^^^^^^^^^^^^^^^^^^^^^^^^^^^^
  File "/Users/saitoutaishou/.asdf/installs/python/3.12.0/lib/python3.12/urllib/request.py", line 515, in open
    response = self._open(req, data)
               ^^^^^^^^^^^^^^^^^^^^^
  File "/Users/saitoutaishou/.asdf/installs/python/3.12.0/lib/python3.12/urllib/request.py", line 532, in _open
    result = self._call_chain(self.handle_open, protocol, protocol +
             ^^^^^^^^^^^^^^^^^^^^^^^^^^^^^^^^^^^^^^^^^^^^^^^^^^^^^^^
  File "/Users/saitoutaishou/.asdf/installs/python/3.12.0/lib/python3.12/urllib/request.py", line 492, in _call_chain
    result = func(*args)
             ^^^^^^^^^^^
  File "/Users/saitoutaishou/.asdf/installs/python/3.12.0/lib/python3.12/urllib/request.py", line 1392, in https_open
    return self.do_open(http.client.HTTPSConnection, req,
           ^^^^^^^^^^^^^^^^^^^^^^^^^^^^^^^^^^^^^^^^^^^^^^
  File "/Users/saitoutaishou/.asdf/installs/python/3.12.0/lib/python3.12/urllib/request.py", line 1348, in do_open
    r = h.getresponse()
        ^^^^^^^^^^^^^^^
  File "/Users/saitoutaishou/.asdf/installs/python/3.12.0/lib/python3.12/http/client.py", line 1411, in getresponse
    response.begin()
  File "/Users/saitoutaishou/.asdf/installs/python/3.12.0/lib/python3.12/http/client.py", line 324, in begin
    version, status, reason = self._read_status()
                              ^^^^^^^^^^^^^^^^^^^
  File "/Users/saitoutaishou/.asdf/installs/python/3.12.0/lib/python3.12/http/client.py", line 285, in _read_status
    line = str(self.fp.readline(_MAXLINE + 1), "iso-8859-1")
               ^^^^^^^^^^^^^^^^^^^^^^^^^^^^^^
  File "/Users/saitoutaishou/.asdf/installs/python/3.12.0/lib/python3.12/socket.py", line 707, in readinto
    return self._sock.recv_into(b)
           ^^^^^^^^^^^^^^^^^^^^^^^
  File "/Users/saitoutaishou/.asdf/installs/python/3.12.0/lib/python3.12/ssl.py", line 1249, in recv_into
    return self.read(nbytes, buffer)
           ^^^^^^^^^^^^^^^^^^^^^^^^^
  File "/Users/saitoutaishou/.asdf/installs/python/3.12.0/lib/python3.12/ssl.py", line 1105, in read
    return self._sslobj.read(len, buffer)
           ^^^^^^^^^^^^^^^^^^^^^^^^^^^^^^
KeyboardInterrupt
再開: 台帳に 1942 件（この分は飛ばす）
  ✓ 7267 本田技研工業株式会社        24件
  ✓ 7182 株式会社ゆうちょ銀行         4件
  ✓ 8418 株式会社山口フィナンシャルグルー   4件
  ✓ 4674 株式会社クレスコ          28件
  ✓ 7181 株式会社かんぽ生命保険        4件
  ✓ 7472 株式会社鳥羽洋行           8件
  ✓ 6841 横河電機株式会社          20件
  ✓ 2359 株式会社コア            20件
  ✓ 4569 杏林製薬株式会社           8件
  ✓ 7733 オリンパス株式会社         16件
  ✓ 5988 株式会社パイオラックス       16件
  ✓ 4548 生化学工業株式会社         16件
  ✓ 6701 日本電気株式会社          16件
  ✓ 4689 ＬＩＮＥヤフー株式会社       20件
  ✓ 6758 ソニーグループ株式会社       28件
  ✓ 4337 ぴあ株式会社             8件
  ✓ 7161 株式会社じもとホールディングス    8件
  ✓ 9991 ジェコス株式会社          16件
  ✓ 4512 わかもと製薬株式会社        10件
  ✓ 2335 株式会社キューブシステム       8件
  ✓ 1852 株式会社淺沼組           16件
  ✓ 6946 日本アビオニクス株式会社      16件
  ✓ 4833 株式会社Ｄｅｆ　ｃｏｎｓｕｌｔｉ  10件
  ✓ 3088 株式会社マツキヨココカラ＆カンパ  22件
  ✓ 3908 株式会社コラボス           6件
  ✓ 8522 株式会社　名古屋銀行        10件
  ✓ 9353 櫻島埠頭株式会社          20件
  ✓ 409A オリオンビール株式会社       16件
  ✓ 6413 理想科学工業株式会社        16件
  ✓ 4828 ビジネスエンジニアリング株式会社  20件
  ✓ 7213 レシップホールディングス株式会社  16件
  ✓ 7214 ＧＭＢ株式会社           40件
  ✓ 6652 ＩＤＥＣ株式会社          24件
  ✓ 6366 千代田化工建設株式会社        6件
  ✓ 6463 ＴＰＲ株式会社           32件
  ✓ 6539 株式会社ＭＳ－Ｊａｐａｎ       8件
  ✓ 5406 株式会社　神戸製鋼所        36件
  ✓ 4839 株式会社ＷＯＷＯＷ         16件
  ✓ 7215 株式会社ファルテック        20件
  ✓ 9031 西日本鉄道株式会社         16件
  ✓ 7466 ＳＰＫ株式会社           24件
  ✓ 8706 極東証券株式会社           6件
  ✓ 4615 神東塗料株式会社           8件
  ✓ 8337 株式会社千葉興業銀行         9件
  ✓ 7970 信越ポリマー株式会社        20件
  ✓ 4705 株式会社クリップコーポレーション  24件
  ✓ 8331 株式会社千葉銀行           4件
  ✓ 2795 日本プリメックス株式会社       8件
  ✓ 4350 株式会社　メディカルシステムネッ  20件
  ✓ 8876 株式会社リログループ        20件
  ✓ 8609 株式会社岡三証券グループ       6件
  ✓ 4229 群栄化学工業株式会社        20件
  ✓ 7417 株式会社南陽            20件
  ✓ 5386 株式会社鶴弥             6件
  ✓ 8537 株式会社大光銀行           4件
  ✓ 4783 ＮＣＤ株式会社           20件
  ✓ 8367 株式会社南都銀行           8件
  ✓ 8551 株式会社　北日本銀行        10件
  ✓ 2288 丸大食品株式会社          16件
  ✓ 5463 丸一鋼管株式会社          20件
  ✓ 8349 株式会社　東北銀行          8件
  ✓ 7896 セブン工業株式会社         14件
  ✓ 3397 株式会社トリドールホールディング  20件
  ✓ 9885 株式会社　シャルレ         18件
  ✓ 2875 東洋水産株式会社          32件
  ✓ 5304 ＳＥＣカーボン株式会社        8件
  ✓ 7326 ＳＢＩインシュアランスグループ株   4件
  ✓ 2612 かどや製油株式会社         16件
  ✓ 4761 株式会社さくらケーシーエス     20件
  ✓ 4925 株式会社ハーバー研究所        8件
  ✓ 6999 ＫＯＡ株式会社           24件
  ✓ 8308 株式会社　りそなホールディングス   4件
  ✓ 2331 ＡＬＳＯＫ株式会社         20件

⚠ 通信が途切れたため中断（TransientFailure）。同じコマンドで続きから再開できます。

73件を処理（2171.9秒）

============================================================
カバレッジレポート
============================================================
  対象書類      2,015
  抽出成功      2,015 (100.0%)
  抽出0件       0
  取得量        1.65 GB

  会計基準:
    jp                        1845 (91.6%)
    ifrs                       170 (8.4%)

  連結/単体:
    連結                        1703 (84.5%)
    単体のみ                       312 (15.5%)

  ファクト数:
    平均 14.0 / 中央値 14
    最小 2 / 最大 44

  セグメント検出: 1,253/2,015 社 (62.2%)
    のべ 3,676 事業 / 平均 2.9 事業

  提出日の範囲  2024-03-28 〜 2026-06-19
  所要時間      36.2 分 / 1.08 秒/社
============================================================
再開: 台帳に 2015 件（この分は飛ばす）
  ✓ 6455 株式会社モリタホールディングス   24件
  ✓ 8368 株式会社　百五銀行          8件
  ✓ 9536 西部ガスホールディングス株式会社  24件
  ✓ 7606 株式会社ユナイテッドアローズ     8件
  ✓ 4063 信越化学工業株式会社        24件

⚠ 通信が途切れたため中断（TransientFailure）。同じコマンドで続きから再開できます。

5件を処理（2226.5秒）

============================================================
カバレッジレポート
============================================================
  対象書類      2,020
  抽出成功      2,020 (100.0%)
  抽出0件       0
  取得量        1.65 GB

  会計基準:
    jp                        1850 (91.6%)
    ifrs                       170 (8.4%)

  連結/単体:
    連結                        1708 (84.6%)
    単体のみ                       312 (15.4%)

  ファクト数:
    平均 14.0 / 中央値 14
    最小 2 / 最大 44

  セグメント検出: 1,257/2,020 社 (62.2%)
    のべ 3,690 事業 / 平均 2.9 事業

  提出日の範囲  2024-03-28 〜 2026-06-19
  所要時間      73.3 分 / 2.18 秒/社
============================================================
再開: 台帳に 2020 件（この分は飛ばす）
  ✓ 4206 アイカ工業株式会社         16件
  ✓ 3151 株式会社バイタルケーエスケー・ホ  25件
  ✓ 5011 ニチレキグループ株式会社      16件
  ✓ 7893 株式会社プロネクサス         8件
  ✓ 2267 株式会社ヤクルト本社        24件
  ✓ 3951 朝日印刷株式会社          12件
  ✓ 6752 パナソニックホールディングス株式  34件
  ✓ 4591 株式会社リボミック          4件
  ✓ 7184 株式会社　富山第一銀行        8件
  ✓ 7595 株式会社アルゴグラフィックス    16件
  ✓ 9639 三協フロンテア株式会社        8件
  ✓ 6947 株式会社図研            12件
  ✓ 6797 名古屋電機工業株式会社        8件
  ✓ 3648 ＡＧＳ株式会社           24件
  ✓ 5845 全保連株式会社            6件
  ✓ 1965 株式会社テクノ菱和          8件
  ✓ 7014 株式会社名村造船所         20件
  ✓ 3834 株式会社朝日ネット          6件
  ✓ 8078 阪和興業株式会社          32件
  ✓ 8550 株式会社　栃木銀行          8件
  ✓ 7575 日本ライフライン株式会社       8件
  ✓ 7561 株式会社ハークスレイ        20件
  ✓ 3918 ＰＣＩホールディングス株式会社   20件
  ✓ 9024 株式会社西武ホールディングス    12件
  ✓ 6658 シライ電子工業株式会社       16件
  ✓ 5955 株式会社ワイズホールディングス   28件
  ✓ 6845 アズビル株式会社          20件
  ✓ 8700 丸八証券株式会社           4件
  ✓ 8075 神鋼商事株式会社          36件
  ✓ 7022 サノヤスホールディングス株式会社  20件
  ✓ 3004 神栄株式会社            24件
  ✓ 4507 塩野義製薬株式会社          8件
  ✓ 9319 株式会社中央倉庫          12件
  ✓ 7729 株式会社東京精密          16件
  ✓ 7875 竹田ｉＰホールディングス株式会社  24件
  ✓ 8303 株式会社ＳＢＩ新生銀行       28件
  ✓ 7389 株式会社あいちフィナンシャルグル   8件
  ✓ 6005 三浦工業株式会社          20件
  ✓ 6033 株式会社エクストリーム       20件
  ✓ 4568 第一三共株式会社           8件
  ✓ 4345 株式会社シーティーエス       16件
  ✓ 1871 ピーエス・コンストラクション株式  16件
  ✓ 8559 株式会社豊和銀行           2件
  ✓ 6763 帝国通信工業株式会社        12件
  ✓ 9467 株式会社アルファポリス        8件
  ✓ 1833 株式会社奥村組           20件
  ✓ 9305 株式会社ヤマタネ          14件
  ✓ 7981 タカラスタンダード株式会社     12件
  ✓ 8361 株式会社　大垣共立銀行       10件
  ✓ 3153 八洲電機株式会社          20件
  ✓ 9763 丸建リース株式会社         20件
  ✓ 1820 西松建設株式会社          28件
  ✓ 3371 株式会社ソフトクリエイトホールデ  12件
  ✓ 8174 日本瓦斯株式会社           8件
  ✓ 3943 大石産業株式会社          16件
  ✓ 2464 株式会社ＡｏｂａーＢＢＴ      16件
  ✓ 7919 野崎印刷紙業株式会社         8件
  ✓ 8541 株式会社　愛媛銀行          8件
  ✓ 4368 扶桑化学工業株式会社        16件
  ✓ 7012 川崎重工業株式会社         16件
  ✓ 6622 株式会社ダイヘン          20件
  ✓ 8439 東京センチュリー株式会社      18件
  ✓ 8411 株式会社みずほフィナンシャルグル   4件
  ✓ 2109 ＤＭ三井製糖株式会社        20件
  ✓ 6339 新東工業株式会社          28件
  ✓ 8157 都築電気株式会社           8件
  ✓ 8283 株式会社ＰＡＬＴＡＣ         6件
  ✓ 8046 丸藤シートパイル株式会社       8件
  ✓ 5541 大平洋金属株式会社         16件
  ✓ 6737 ＥＩＺＯ株式会社           8件
  ✓ 8424 芙蓉総合リース株式会社       16件
  ✓ 8230 株式会社はせがわ          40件
  ✓ 6315 ＴＯＷＡ株式会社          16件
  ✓ 9888 株式会社ＵＥＸ           20件
  ✓ 6381 アネスト岩田株式会社        24件
  ✓ 4043 株式会社トクヤマ          28件
  ✓ 4272 日本化薬株式会社          20件
  ✓ 2801 キッコーマン株式会社        24件
  ✓ 9708 株式会社帝国ホテル         16件
  ✓ 5844 株式会社京都フィナンシャルグルー   4件
  ✓ 2733 株式会社あらた            8件
  ✓ 3066 株式会社ＪＢイレブン         8件
  ✓ 7947 株式会社エフピコ           8件
  ✓ 4318 株式会社クイック          28件
  ✓ 8065 佐藤商事株式会社          32件
  ✓ 4526 理研ビタミン株式会社        20件
  ✓ 6565 ＡＢホテル株式会社          6件
  ✓ 4310 株式会社ドリームインキュベータ   16件
  ✓ 1885 東亜建設工業株式会社        20件
  ✓ 1720 東急建設株式会社          20件
  ✓ 7350 株式会社おきなわフィナンシャルグ   8件
  ✓ 9535 広島ガス株式会社          20件
  ✓ 8076 株式会社カノークス          8件
  ✓ 9324 安田倉庫株式会社          10件
  ✓ 8713 フィデアホールディングス株式会社   4件
  ✓ 4527 ロート製薬株式会社         24件
  ✓ 6473 株式会社ジェイテクト        20件
  ✓ 6504 富士電機株式会社          24件
  ✓ 1893 五洋建設株式会社          20件
  ✓ 4886 あすか製薬ホールディングス株式会  18件
  ✓ 6848 東亜ディーケーケー株式会社     16件
  ✓ 8316 株式会社三井住友フィナンシャルグ   4件
  ✓ 3635 株式会社コーエーテクモホールディ  20件
  ✓ 7914 共同印刷株式会社          20件
  ✓ 5384 株式会社フジミインコーポレーテッ  24件
  ✓ 5953 昭和鉄工株式会社          20件
  ✓ 6963 ローム株式会社           20件
  ✓ 4125 三和油化工業株式会社         8件
  ✓ 9247 ＴＲＥホールディングス株式会社   20件
  ✓ 1662 石油資源開発株式会社        24件
  ✓ 1939 株式会社四電工           20件
  ✓ 1898 世紀東急工業株式会社        16件
  ✓ 3835 ｅＢＡＳＥ株式会社         16件
  ✓ 3137 株式会社ファンデリー        18件
  ✓ 6240 ヤマシンフィルタ株式会社      16件
  ✓ 6287 株式会社サトー           16件
  ✓ 5631 株式会社日本製鋼所         16件
  ✓ 7412 株式会社アトム           12件
  ✓ 2705 株式会社大戸屋ホールディングス   24件
  ✓ 9142 九州旅客鉄道株式会社        28件
  ✓ 8848 株式会社レオパレス２１       20件
  ✓ 2175 株式会社エス・エム・エス       8件
  ✓ 9434 ソフトバンク株式会社        28件
  ✓ 1450 ＴＡＮＡＫＥＮ株式会社        6件
  ✓ 2136 株式会社ヒップ            6件
  ✓ 173A 株式会社ハンモック          6件
  ✓ 6098 株式会社リクルートホールディング  20件
  ✓ 1963 日揮ホールディングス株式会社    16件
  ✓ 8252 株式会社　丸井グループ       10件
  ✓ 6135 株式会社　牧野フライス製作所    24件
  ✓ 2993 株式会社長栄            14件
  ✓ 9466 株式会社アイドママーケティングコ   8件
  ✓ 8425 みずほリース株式会社        16件
  ✓ 8275 株式会社フォーバル         24件
  ✓ 2229 カルビー株式会社           8件
  ✓ 6167 冨士ダイス株式会社          8件
  ✓ 2156 セーラー広告株式会社        12件
  ✓ 6807 日本航空電子工業株式会社      20件
  ✓ 7191 株式会社イントラスト         8件
  ✓ 6971 京セラ株式会社           20件
  ✓ 3184 ＩＣＤＡホールディングス株式会社  16件
  ✓ 2208 株式会社ブルボン           8件
  ✓ 9913 日邦産業株式会社          20件
  ✓ 6544 ジャパンエレベーターサービスホー   8件
  ✓ 2121 株式会社ＭＩＸＩ          24件
  ✓ 8103 明和産業株式会社          24件
  ✓ 9039 株式会社サカイ引越センター     24件
  ✓ 4792 山田コンサルティンググループ株式  16件
  ✓ 6089 株式会社ウィルグループ       16件
  ✓ 6249 株式会社ゲームカードホールディン   8件
  ✓ 7189 株式会社西日本フィナンシャルホー   6件
  ✓ 4890 株式会社坪田ラボ           6件
  ✓ 7727 株式会社オーバル           8件
  ✓ 4461 第一工業製薬株式会社         8件
  ✓ 3326 株式会社ランシステム        20件
  ✓ 287A 黒田グループ株式会社        16件
  ✓ 4816 東映アニメーション株式会社     20件
  ✓ 5381 マイポックス株式会社        16件
  ✓ 2220 亀田製菓株式会社          20件
  ✓ 7942 株式会社ジェイエスピー       16件
  ✓ 5411 ＪＦＥホールディングス株式会社   20件
  ✓ 7266 株式会社今仙電機製作所       20件
  ✓ 7198 ＳＢＩアルヒ株式会社         4件
  ✓ 8354 株式会社ふくおかフィナンシャルグ   4件
  ✓ 2332 株式会社クエスト           8件
  ✓ 6613 株式会社ＱＤレーザ         14件
  ✓ 2411 ゲンダイエージェンシー株式会社   16件
  ✓ 4691 ワシントンホテル株式会社       6件
  ✓ 9715 トランス・コスモス株式会社     20件
  ✓ 8566 リコーリース株式会社        20件
  ✓ 6503 三菱電機株式会社          28件
  ✓ 4301 株式会社アミューズ         12件
  ✓ 7208 株式会社カネミツ          20件
  ✓ 3679 株式会社じげん           12件
  ✓ 9878 株式会社　セキド          22件
  ✓ 7442 中山福株式会社           40件
  ✓ 1941 株式会社中電工           12件
  ✓ 2469 ヒビノ株式会社           20件
  ✓ 7619 田中商事株式会社           8件
  ✓ 1944 株式会社きんでん           6件
  ✓ 1768 株式会社ソネック          16件
  ✓ 4752 株式会社　昭和システムエンジニア  14件
  ✓ 5461 中部鋼鈑株式会社          24件
  ✓ 6882 株式会社三社電機製作所       16件
  ✓ 5998 株式会社　アドバネクス       24件
  ✓ 5343 ニッコー株式会社          20件
  ✓ 6486 イーグル工業株式会社        28件
  ✓ 3131 シンデン・ハイテックス株式会社   16件
  ✓ 9742 株式会社アイネス           8件
  ✓ 3946 株式会社トーモク          20件
  ✓ 5703 日本軽金属ホールディングス株式会  24件
  ✓ 6470 大豊工業株式会社          16件
  ✓ 5659 日本精線株式会社          20件
  ✓ 8158 ソーダニッカ株式会社        16件
  ✓ 8793 ＮＥＣキャピタルソリューション株  20件
  ✓ 8153 株式会社モスフードサービス     24件
  ✓ 6488 株式会社ヨシタケ          16件
  ✓ 7079 ＷＤＢココ株式会社          6件
  ✓ 9759 株式会社ＮＳＤ           28件
  ✓ 4994 大成ラミックグループ株式会社     8件
  ✓ 7305 新家工業株式会社          20件
  ✓ 5820 株式会社三ッ星           20件
  ✓ 2818 株式会社ピエトロ          20件
  ✓ 9532 大阪瓦斯株式会社          20件
  ✓ 7670 オーウエル株式会社         16件
  ✓ 4547 キッセイ薬品工業株式会社      24件
  ✓ 1948 株式会社弘電社           16件
  ✓ 8591 オリックス株式会社          6件
  ✓ 3895 ハビックス株式会社         10件
  ✓ 9625 株式会社セレスポ           6件
  ✓ 8117 中央自動車工業株式会社       16件
  ✓ 1960 株式会社サンテック         16件
  ✓ 3185 夢展望株式会社           20件
  ✓ 3202 ダイトウボウ株式会社        20件
  ✓ 6638 株式会社ミマキエンジニアリング   20件
  ✓ 6396 株式会社宇野澤組鐵工所       14件
  ✓ 9001 東武鉄道株式会社          14件
  ✓ 1301 株式会社　極洋           24件
  ✓ 3622 ネットイヤーグループ株式会社     6件
  ✓ 6518 三相電機株式会社           8件
  ✓ 8035 東京エレクトロン株式会社       8件
  ✓ 150A 株式会社ＪＳＨ           16件
  ✓ 1777 川崎設備工業株式会社        10件
  ✓ 5195 バンドー化学株式会社        20件
  ✓ 8560 株式会社　宮崎太陽銀行        8件
  ✓ 9405 朝日放送グループホールディングス  16件
  ✓ 7480 スズデン株式会社          16件
  ✓ 5711 三菱マテリアル株式会社       24件
  ✓ 9744 株式会社メイテックグループホール  16件
  ✓ 6645 オムロン株式会社           6件
  ✓ 2053 中部飼料株式会社          10件
  ✓ 1848 株式会社富士ピー・エス       12件
  ✓ 8584 株式会社ジャックス         10件
  ✓ 7270 株式会社ＳＵＢＡＲＵ        16件
  ✓ 8081 株式会社カナデン          24件
  ✓ 6798 ＳＭＫ株式会社           20件
  ✓ 2676 高千穂交易株式会社         16件
  ✓ 4414 株式会社フレクト           6件
  ✓ 9832 株式会社オートバックスセブン    24件
  ✓ 4203 住友ベークライト株式会社      14件
  ✓ 6322 株式会社タクミナ           8件
  ✓ 4022 ラサ工業株式会社          20件
  ✓ 3306 日本製麻株式会社          12件
  ✓ 8617 光世証券株式会社           4件
  ✓ 3443 川田テクノロジーズ株式会社     24件
  ✓ 8056 ＢＩＰＲＯＧＹ株式会社       28件
  ✓ 8045 横浜丸魚株式会社          24件
  ✓ 7994 株式会社オカムラ          20件
  ✓ 4182 三菱瓦斯化学株式会社        16件
  ✓ 4484 ランサーズ株式会社          8件
  ✓ 9987 株式会社スズケン          28件
  ✓ 7702 株式会社ジェイ・エム・エス（称号  28件
  ✓ 5929 三和ホールディングス株式会社    24件
  ✓ 7596 株式会社魚力            20件
  ✓ 6632 株式会社ＪＶＣケンウッド      20件
  ✓ 3853 アステリア株式会社          8件
  ✓ 4553 東和薬品株式会社          16件
  ✓ 1417 株式会社ミライト・ワン       40件
  ✓ 7939 株式会社研創             6件
  ✓ 2897 日清食品ホールディングス株式会社  32件
  ✓ 4932 株式会社アルマード          6件
  ✓ 416A 富士ユナイトホールディングス株式  14件
  ✓ 3739 コムシード株式会社         16件
  ✓ 8107 株式会社キムラタン         20件
  ✓ 4732 株式会社ユー・エス・エス      20件
  ✓ 8383 株式会社　鳥取銀行          4件
  ✓ 6186 株式会社一蔵            16件
  ✓ 7240 ＮＯＫ株式会社           16件
  ✓ 1976 明星工業株式会社          16件
  ✓ 6238 フリュー株式会社          20件
  ✓ 9658 株式会社ビジネスブレイン太田昭和  20件
  ✓ 4679 株式会社　田　谷           6件
  ✓ 1972 三晃金属工業株式会社        14件
  ✓ 6779 日本電波工業株式会社         8件
  ✓ 7296 株式会社エフ・シー・シー       8件
  ✓ 4365 松本油脂製薬株式会社        16件
  ✓ 6230 ＳＡＮＥＩ株式会社          8件
  ✓ 6869 シスメックス株式会社        28件
  ✓ 7840 フランスベッドホールディングス株  16件
  ✓ 300A ＭＩＣ株式会社            6件
  ✓ 5984 兼房株式会社            36件
  ✓ 7134 株式会社アップガレージグループ    8件
  ✓ 6151 日東工器株式会社          24件
  ✓ 1942 株式会社関電工           12件
  ✓ 5928 アルメタックス株式会社        6件
  ✓ 7938 株式会社リーガルコーポレーション  16件
  ✓ 4658 日本空調サービス株式会社       8件
  ✓ 9706 日本空港ビルデング株式会社     20件
  ✓ 5451 株式会社ヨドコウ          24件
  ✓ 8934 サンフロンティア不動産株式会社   20件
  ✓ 9351 東洋埠頭株式会社          10件
  ✓ 3402 東レ株式会社            28件
  ✓ 3433 トーカロ株式会社          20件
  ✓ 8398 株式会社筑邦銀行           8件
  ✓ 8032 日本紙パルプ商事株式会社      16件
  ✓ 8715 アニコム　ホールディングス株式会  12件
  ✓ 1803 清水建設株式会社          16件
  ✓ 9984 ソフトバンクグループ株式会社    10件
  ✓ 1914 日本基礎技術株式会社         6件
  ✓ 9904 株式会社ベリテ            6件
  ✓ 3058 株式会社三洋堂ホールディングス    8件
  ✓ 2750 石光商事株式会社           8件
  ✓ 255A ジーエルテクノホールディングス株  20件
  ✓ 4023 株式会社クレハ           28件
  ✓ 5333 ＮＧＫ株式会社           20件
  ✓ 7245 大同メタル工業株式会社       24件
  ✓ 5279 日本興業株式会社          20件
  ✓ 9306 東陽倉庫株式会社           8件
  ✓ 2892 日本食品化工株式会社         8件
  ✓ 8020 兼松株式会社            16件
  ✓ 9929 平和紙業株式会社          16件
  ✓ 5994 株式会社ファインシンター      20件
  ✓ 4290 株式会社プレステージ・インターナ   8件
  ✓ 1860 戸田建設株式会社          32件
  ✓ 7004 カナデビア株式会社         16件
  ✓ 7988 株式会社ニフコ           16件
  ✓ 9664 株式会社御園座            6件
  ✓ 6927 ヘリオス　テクノ　ホールディング  16件
  ✓ 6262 株式会社ＰＥＧＡＳＵＳ       16件
  ✓ 9332 ＮＩＳＳＯホールディングス株式会   8件
  ✓ 6325 株式会社タカキタ          10件
  ✓ 9322 川西倉庫株式会社          10件
  ✓ 3150 株式会社グリムス          16件
  ✓ 6103 オークマ株式会社          24件
  ✓ 4972 綜研化学株式会社          16件
  ✓ 1786 オリエンタル白石株式会社      20件
  ✓ 2810 ハウス食品グループ本社株式会社   28件
  ✓ 3166 ＯＣＨＩホールディングス株式会社  24件
  ✓ 3237 株式会社イントランス        16件
  ✓ 4388 株式会社エーアイ          18件
  ✓ 8891 ＡＭＧホールディングス株式会社   20件
  ✓ 4112 保土谷化学工業株式会社       28件
  ✓ 6928 株式会社エノモト           8件
  ✓ 6226 守谷輸送機工業株式会社        6件
  ✓ 9022 東海旅客鉄道株式会社        20件
  ✓ 3766 システムズ・デザイン株式会社    16件
  ✓ 247A Ａｉロボティクス株式会社       6件
  ✓ 4980 デクセリアルズ株式会社       16件
  ✓ 4188 三菱ケミカルグループ株式会社    24件
  ✓ 5951 ダイニチ工業株式会社         6件
  ✓ 5013 株式会社ユシロ           24件
  ✓ 6039 株式会社日本動物高度医療センター   8件
  ✓ 7723 愛知時計電機株式会社         8件
  ✓ 3372 株式会社関門海            8件
  ✓ 1721 コムシスホールディングス株式会社  40件
  ✓ 3670 協立情報通信株式会社        14件
  ✓ 6480 日本トムソン株式会社         8件
  ✓ 483A テラテクノロジー株式会社       8件
  ✓ 4031 片倉コープアグリ株式会社      20件
  ✓ 1966 株式会社　高田工業所         6件
  ✓ 7769 リズム株式会社           16件
  ✓ 5753 日本伸銅株式会社           6件
  ✓ 9471 株式会社文溪堂           16件
  ✓ 8370 株式会社紀陽銀行           4件
  ✓ 4113 田岡化学工業株式会社        16件
  ✓ 4183 三井化学株式会社          24件
  ✓ 3652 株式会社ディジタルメディアプロフ   6件
  ✓ 5284 ヤマウホールディングス株式会社   36件
  ✓ 6703 沖電気工業株式会社          8件
  ✓ 2114 フジ日本株式会社          20件
  ✓ 3167 株式会社ＴＯＫＡＩホールディング  28件
  ✓ 7013 株式会社ＩＨＩ            8件
  ✓ 8228 株式会社マルイチ産商        24件
  ✓ 2805 ヱスビー食品株式会社        16件
  ✓ 4005 住友化学株式会社          28件
  ✓ 3793 株式会社ドリコム          16件
  ✓ 8393 株式会社宮崎銀行           8件
  ✓ 4169 ＥＮＥＣＨＡＮＧＥ株式会社      8件
  ✓ 7743 株式会社シード           12件
  ✓ 2002 株式会社日清製粉グループ本社    16件
  ✓ 4849 エン株式会社             8件
  ✓ 8365 株式会社　富山銀行          8件
  ✓ 1787 株式会社ナカボーテック       18件
  ✓ 9201 日本航空株式会社          14件
  ✓ 6788 株式会社日本トリム         16件
  ✓ 5138 株式会社Ｒｅｂａｓｅ         6件
  ✓ 302A 株式会社ビースタイルホールディン  20件
  ✓ 5244 株式会社ｊｉｇ．ｊｐ         8件
  ✓ 2181 パーソルホールディングス株式会社  28件
  ✓ 5368 日本インシュレーション株式会社   16件
  ✓ 4882 株式会社ペルセウスプロテオミクス   6件
  ✓ 3917 株式会社アイリッジ         20件
  ✓ 2607 不二製油株式会社          24件
  ✓ 297A アルピコホールディングス株式会社  16件
  ✓ 3796 株式会社いい生活           8件
  ✓ 4259 株式会社エクサウィザーズ      16件
  ✓ 6566 株式会社要興業            8件
  ✓ 6471 日本精工株式会社          19件
  ✓ 8919 株式会社カチタス           8件
  ✓ 7421 カッパ・クリエイト株式会社     16件
  ✓ 6448 ブラザー工業株式会社        28件
  ✓ 8604 野村ホールディングス株式会社     4件
  ✓ 6027 弁護士ドットコム株式会社      16件
  ✓ 4242 株式会社タカギセイコー       20件
  ✓ 1717 明豊ファシリティワークス株式会社  22件
  ✓ 9698 株式会社クレオ           24件
  ✓ 3178 チムニー株式会社           8件
  ✓ 6863 株式会社ニレコ           20件
  ✓ 9850 株式会社グルメ杵屋         20件
  ✓ 7616 株式会社　コロワイド        30件
  ✓ 7220 武蔵精密工業株式会社         8件
  ✓ 6954 ファナック株式会社          8件
  ✓ 6363 株式会社酉島製作所          8件
  ✓ 4044 セントラル硝子株式会社       12件
  ✓ 7294 株式会社ヨロズ           20件
  ✓ 2749 株式会社ＪＰホールディングス     8件
  ✓ 6501 株式会社日立製作所         22件
  ✓ 6458 新晃工業株式会社          16件
  ✓ 4524 森下仁丹株式会社          16件
  ✓ 6430 ダイコク電機株式会社        16件
  ✓ 9341 株式会社ＧＥＮＯＶＡ        20件
  ✓ 8093 極東貿易株式会社          20件
  ✓ 5351 品川リフラ株式会社         24件
  ✓ 2183 株式会社リニカル           8件
  ✓ 341A 株式会社トヨコー          14件
  ✓ 6379 レイズネクスト株式会社        6件
  ✓ 8132 シナネンホールディングス株式会社  20件
  ✓ 5185 株式会社フコク           28件
  ✓ 5911 株式会社横河ブリッジホールディン  28件
  ✓ 5331 ノリタケ株式会社          16件
  ✓ 7201 日産自動車株式会社         16件
  ✓ 2694 株式会社焼肉坂井ホールディングス   8件
  ✓ 9302 三井倉庫ホールディングス株式会社  10件
  ✓ 5838 楽天銀行株式会社           4件
  ✓ 9049 京福電気鉄道株式会社        12件
  ✓ 6369 トーヨーカネツ株式会社       20件
  ✓ 9729 株式会社トーカイ          20件
  ✓ 6433 ヒーハイスト株式会社         8件
  ✓ 8214 株式会社ＡＯＫＩホールディングス  24件
  ✓ 3768 リスクモンスター株式会社       8件
  ✓ 2613 株式会社Ｊ－オイルミルズ      16件
  ✓ 7593 ＶＴホールディングス株式会社    16件
  ✓ 8022 美津濃株式会社           24件
  ✓ 6165 パンチ工業株式会社          8件
  ✓ 3626 ＴＩＳ株式会社           28件
  ✓ 7218 田中精密工業株式会社        20件
  ✓ 8628 松井証券株式会社           4件
  ✓ 9025 鴻池運輸株式会社          20件
  ✓ 3559 株式会社ピーバンドットコム      6件
  ✓ 343A 株式会社ＩＡＣＥトラベル       8件
  ✓ 2127 株式会社日本Ｍ＆Ａセンターホール   8件
  ✓ 3190 株式会社ホットマン         18件
  ✓ 4241 株式会社アテクト          22件
  ✓ 1980 ダイダン株式会社           6件
  ✓ 8255 アクシアル　リテイリング株式会社  12件
  ✓ 9193 東京汽船株式会社          20件
  ✓ 8291 日産東京販売ホールディングス株式   8件
  ✓ 7261 マツダ株式会社           20件
  ✓ 5464 モリ工業株式会社          16件
  ✓ 8362 株式会社福井銀行           4件
  ✓ 2218 日糧製パン株式会社          6件
  ✓ 4970 東洋合成工業株式会社        14件
  ✓ 7952 株式会社河合楽器製作所       20件
  ✓ 4027 テイカ株式会社           16件
  ✓ 3417 大木ヘルスケアホールディングス株   8件
  ✓ 7481 尾家産業株式会社           8件
  ✓ 6820 アイコム株式会社          24件
  ✓ 3551 ダイニック株式会社         20件
  ✓ 8554 株式会社南日本銀行          4件
  ✓ 2004 昭和産業株式会社          16件
  ✓ 2445 株式会社タカミヤ          24件
  ✓ 5726 株式会社大阪チタニウムテクノロジ  14件
  ✓ 8707 岩井コスモホールディングス株式会  10件
  ✓ 5282 ジオスター株式会社          8件
  ✓ 5909 株式会社　コロナ           8件
  ✓ 6570 株式会社共和コーポレーション    16件
  ✓ 2317 株式会社システナ          32件
  ✓ 9083 神姫バス株式会社          18件
  ✓ 7762 シチズン時計株式会社        20件
  ✓ 9900 株式会社サガミホールディングス    8件
  ✓ 7226 極東開発工業株式会社        16件
  ✓ 6197 株式会社ソラスト          20件
  ✓ 2907 株式会社あじかん           8件
  ✓ 8101 株式会社ＧＳＩクレオス       36件
  ✓ 6526 株式会社ソシオネクスト        8件
  ✓ 4684 株式会社オービック         20件
  ✓ 4968 荒川化学工業株式会社        24件
  ✓ 6557 ＡＩＡＩグループ株式会社       8件
  ✓ 6484 株式会社ＫＶＫ           20件
  ✓ 5714 ＤＯＷＡホールディングス株式会社  28件
  ✓ 4224 ロンシール工業株式会社       16件
  ✓ 8395 株式会社佐賀銀行          10件
  ✓ 3963 株式会社シンクロ・フード      18件
  ✓ 5986 モリテックスチール株式会社     24件
  ✓ 9008 京王電鉄株式会社          16件
  ✓ 7456 松田産業株式会社          16件
  ✓ 3571 株式会社ソトー           20件
  ✓ 3580 小松マテーレ株式会社        16件
  ✓ 8593 三菱ＨＣキャピタル株式会社     22件
  ✓ 9684 株式会社スクウェア・エニックス・  24件
  ✓ 7509 アイエーグループ株式会社      20件
  ✓ 9404 日本テレビホールディングス株式会  20件
  ✓ 9367 大東港運株式会社          14件
  ✓ 2816 株式会社ダイショー          6件
  ✓ 6272 レオン自動機株式会社         8件
  ✓ 1815 鉄建建設株式会社          24件
  ✓ 7897 ホクシン株式会社           6件
  ✓ 8159 株式会社立花エレテック       20件
  ✓ 4506 住友ファーマ株式会社        20件
  ✓ 7510 株式会社たけびし          16件
  ✓ 5742 エヌアイシ・オートテック株式会社  14件
  ✓ 9980 ＭＲＫホールディングス株式会社   16件
  ✓ 9534 北海道瓦斯株式会社         20件
  ✓ 9027 株式会社ロジネットジャパン     12件
  ✓ 6254 野村マイクロ・サイエンス株式会社  28件
  ✓ 7864 株式会社フジシールインターナショ  24件
  ✓ 8563 株式会社大東銀行           8件
  ✓ 5440 共英製鋼株式会社          20件
  ✓ 9307 株式会社杉村倉庫          10件
  ✓ 7943 ニチハ株式会社           12件
  ✓ 2282 日本ハム株式会社          18件
  ✓ 5199 不二ラテックス株式会社       20件
  ✓ 3423 株式会社エスイー          24件
  ✓ 6258 平田機工株式会社          20件
  ✓ 6678 株式会社テクノメディカ        6件
  ✓ 1961 三機工業株式会社          24件
  ✓ 7506 株式会社　ハウス　オブ　ローゼ   18件
  ✓ 9023 東京地下鉄株式会社         12件
  ✓ 4918 株式会社アイビー化粧品        6件
  ✓ 6745 ホーチキ株式会社          16件
  ✓ 8085 ナラサキ産業株式会社        24件
  ✓ 4827 ビジネス・ワンホールディングス株  32件
  ✓ 7476 アズワン株式会社           8件
  ✓ 8421 信金中央金庫             4件
  ✓ 3802 株式会社エコミック          8件
  ✓ 8041 ＯＵＧホールディングス株式会社    8件
  ✓ 4531 有機合成薬品工業株式会社       6件
  ✓ 9509 北海道電力株式会社         16件
  ✓ 4516 日本新薬株式会社           8件
  ✓ 5979 カネソウ株式会社           6件
  ✓ 2730 株式会社エディオン          8件
  ✓ 6157 日進工具株式会社           8件
  ✓ 9934 因幡電機産業株式会社        14件
  ✓ 5969 株式会社ロブテックス        16件
  ✓ 7979 株式会社松風            16件
  ✓ 4543 テルモ株式会社           22件
  ✓ 9882 株式会社イエローハット       16件
  ✓ 9504 中国電力株式会社          12件
  ✓ 5458 高砂鐵工株式会社           8件
  ✓ 7222 日産車体株式会社          24件
  ✓ 7291 日本プラスト株式会社        24件
  ✓ 7615 株式会社京都きもの友禅ホールディ   8件
  ✓ 9059 カンダホールディングス株式会社    8件
  ✓ 2222 寿スピリッツ株式会社        24件
  ✓ 6614 株式会社シキノハイテック       6件
  ✓ 4838 スペースシャワーＳＫＩＹＡＫＩホ  16件
  ✓ 6976 太陽誘電株式会社           8件
  ✓ 4097 高圧ガス工業株式会社        14件
  ✓ 2291 福留ハム株式会社          16件
  ✓ 9959 アシードホールディングス株式会社  24件
  ✓ 9533 東邦瓦斯株式会社          20件
  ✓ 352A 株式会社ＬＯＩＶＥ          6件
  ✓ 8877 エスリード株式会社         12件
  ✓ 8173 株式会社Ｊｏｓｈｉｎ         8件
  ✓ 2588 株式会社プレミアムウォーターホー   8件
  ✓ 9468 株式会社ＫＡＤＯＫＡＷＡ      28件
  ✓ 2780 株式会社コメ兵ホールディングス   20件
  ✓ 4635 東京インキ株式会社         24件
  ✓ 7242 カヤバ株式会社           20件
  ✓ 8059 第一実業株式会社          36件
  ✓ 3434 株式会社アルファ          32件
  ✓ 4613 関西ペイント株式会社        28件
  ✓ 4094 日本化学産業株式会社        16件
  ✓ 6568 神戸天然物化学株式会社        6件
  ✓ 2813 和弘食品株式会社          16件
  ✓ 7264 株式会社ムロコーポレーション    16件
  ✓ 8892 株式会社エスコン          24件
  ✓ 6454 マックス株式会社          20件
  ✓ 9701 株式会社東京會舘           6件
  ✓ 6586 株式会社マキタ           24件
  ✓ 5803 株式会社フジクラ          28件
  ✓ 5697 株式会社サンユウ           8件
  ✓ 6859 エスペック株式会社         20件
  ✓ 5989 株式会社エイチワン         24件
  ✓ 4617 中国塗料株式会社          28件
  ✓ 6743 大同信号株式会社          20件
  ✓ 5449 大阪製鐵株式会社           8件
  ✓ 4237 フジプレアム株式会社        12件
  ✓ 4687 ＴＤＣソフト株式会社         8件
  ✓ 2674 株式会社ハードオフコーポレーショ  16件
  ✓ 1828 田辺工業株式会社          16件
  ✓ 6118 アイダエンジニアリング株式会社   28件
  ✓ 5020 ＥＮＥＯＳホールディングス株式会  28件
  ✓ 7269 スズキ株式会社           24件
  ✓ 7441 株式会社Ｍｉｓｕｍｉ        20件
  ✓ 4389 プロパティデータバンク株式会社    8件
  ✓ 8864 空港施設株式会社          20件
  ✓ 3970 株式会社イノベーション       22件
  ✓ 6754 アンリツ株式会社          20件
  ✓ 9531 東京瓦斯株式会社          24件
  ✓ 6982 株式会社リード           16件
  ✓ 2708 株式会社久世            16件
  ✓ 5423 東京製鐵株式会社           6件
  ✓ 6332 月島ホールディングス株式会社    16件
  ✓ 5599 Ｓ＆Ｊ株式会社            6件
  ✓ 9119 飯野海運株式会社          20件
  ✓ 9347 日本管財ホールディングス株式会社  24件
  ✓ 4218 ニチバン株式会社          16件
  ✓ 6055 ジャパンマテリアル株式会社     20件
  ✓ 2204 株式会社中村屋           18件
  ✓ 4694 株式会社ビー・エム・エル       8件
  ✓ 2784 アルフレッサホールディングス株式  24件
  ✓ 6742 株式会社京三製作所         12件
  ✓ 143A イシン株式会社           24件
  ✓ 4611 大日本塗料株式会社         24件
  ✓ 9475 株式会社昭文社ホールディングス   24件
  ✓ 9895 株式会社コンセック         26件
  ✓ 6016 株式会社ジャパンエンジンコーポレ   6件
  ✓ 7459 株式会社メディパルホールディング  20件
  ✓ 7460 株式会社ヤギ             8件
  ✓ 2293 滝沢ハム株式会社           8件
  ✓ 3132 マクニカホールディングス株式会社  16件
  ✓ 8070 東京産業株式会社          20件
  ✓ 2351 株式会社ＡＳＪ            8件
  ✓ 1870 矢作建設工業株式会社        20件
  ✓ 2480 システム・ロケーション株式会社    8件
  ✓ 9506 東北電力株式会社          10件
  ✓ 1420 サンヨーホームズ株式会社       8件
  ✓ 1332 株式会社ニッスイ          24件
  ✓ 5186 ニッタ株式会社           32件
  ✓ 1959 株式会社クラフティア        12件
  ✓ 5446 北越メタル株式会社          8件
  ✓ 7433 伯東株式会社            24件
  ✓ 7504 株式会社高速             8件
  ✓ 4406 新日本理化株式会社          8件
  ✓ 9366 株式会社サンリツ          24件
  ✓ 7927 ムトー精工株式会社         18件
  ✓ 9820 エムティジェネックス株式会社    24件
  ✓ 3787 株式会社テクノマセマティカル     6件
  ✓ 8772 株式会社アサックス          3件
  ✓ 2814 佐藤食品工業株式会社         6件
  ✓ 2804 ブルドックソース株式会社       8件
  ✓ 4538 扶桑薬品工業株式会社         6件
  ✓ 2806 ユタカフーズ株式会社        22件
  ✓ 6337 株式会社テセック           8件
  ✓ 2919 株式会社　マルタイ          6件
  ✓ 4736 日本ラッド株式会社          8件
  ✓ 1770 藤田エンジニアリング株式会社    24件
  ✓ 1950 日本電設工業株式会社         6件
  ✓ 9274 ＫＰＰグループホールディングス株  24件
  ✓ 3221 株式会社ヨシックスホールディング   8件
  ✓ 177A コージンバイオ株式会社       20件
  ✓ 9104 株式会社　商船三井         32件
  ✓ 7628 株式会社オーハシテクニカ      32件
  ✓ 3934 株式会社ベネフィットジャパン    22件
  ✓ 8074 株式会社ＹＵＡＳＡ          8件
  ✓ 291A 株式会社リスキル           6件
  ✓ 7150 株式会社島根銀行           8件
  ✓ 4419 株式会社Ｆｉｎａｔｅｘｔホールデ  20件
  ✓ 8614 東洋証券株式会社           6件
  ✓ 7701 株式会社　島津製作所        24件
  ✓ 7287 日本精機株式会社          24件
  ✓ 7246 プレス工業株式会社         16件
  ✓ 288A ラクサス・テクノロジーズ株式会社   6件
  ✓ 9629 ピー・シー・エー株式会社       8件
  ✓ 6958 日本シイエムケイ株式会社      24件
  ✓ 550A 株式会社ソフトテックス        6件
  ✓ 5535 ミガロホールディングス株式会社   16件
  ✓ 4228 積水化成品工業株式会社       16件
  ✓ 4888 ステラファーマ株式会社        6件
  ✓ 7199 プレミアグループ株式会社      12件
  ✓ 4498 サイバートラスト株式会社       8件
  ✓ 1822 大豊建設株式会社           8件
  ✓ 6082 株式会社ライドオンエクスプレスホ   8件
  ✓ 3611 株式会社マツオカコーポレーション  16件
  ✓ 8282 株式会社ケーズホールディングス    8件
  ✓ 8242 エイチ・ツー・オー　リテイリング  20件
  ✓ 6181 タメニー株式会社          10件
  ✓ 6370 栗田工業株式会社           8件
  ✓ 4442 バルテス・ホールディングス株式会  20件
  ✓ 5401 日本製鉄株式会社          16件
  ✓ 4681 リゾートトラスト株式会社      20件
  ✓ 6330 東洋エンジニアリング株式会社     6件
  ✓ 4718 株式会社早稲田アカデミー       8件
  ✓ 3927 株式会社フーバーブレイン       8件
  ✓ 6088 株式会社シグマクシス・ホールディ   8件
  ✓ 3772 ウェルス・マネジメント株式会社   16件
  ✓ 7698 株式会社アイスコ          14件
  ✓ 3179 シュッピン株式会社         22件
  ✓ 7075 株式会社ＱＬＳホールディングス    8件
  ✓ 3231 野村不動産ホールディングス株式会  32件
  ✓ 7096 株式会社ステムセル研究所       4件
  ✓ 3238 セントラル総合開発株式会社     16件
  ✓ 9303 株式会社住友倉庫          10件
  ✓ 7089 フォースタートアップス株式会社   18件
  ✓ 9005 東急株式会社            14件
  ✓ 6674 株式会社　ジーエス・ユアサ　コー  18件
  ✓ 7779 ＣＹＢＥＲＤＹＮＥ株式会社      8件
  ✓ 4889 株式会社レナサイエンス        4件
  ✓ 4177 株式会社ｉ－ｐｌｕｇ         8件
  ✓ 6809 ＴＯＡ株式会社           28件
  ✓ 7292 株式会社村上開明堂         20件
  ✓ 3839 株式会社ＯＤＫソリューションズ    8件
  ✓ 4308 株式会社Ｊストリーム         8件
  ✓ 299A クラシル株式会社           4件
  ✓ 142A 株式会社ジンジブ           6件
  ✓ 7637 白銅株式会社            20件
  ✓ 2454 株式会社オールアバウト       16件
  ✓ 4819 株式会社デジタルガレージ       4件
  ✓ 7883 サンメッセ株式会社         16件
  ✓ 7686 株式会社ひとまいる          8件
  ✓ 6045 株式会社レントラックス       14件
  ✓ 7202 いすゞ自動車株式会社         8件
  ✓ 7859 株式会社アルメディオ        18件
  ✓ 3374 内外テック株式会社         16件
  ✓ 4564 オンコセラピー・サイエンス株式会  16件
  ✓ 4540 株式会社ツムラ            8件
  ✓ 6740 株式会社ジャパンディスプレイ     8件
  ✓ 8160 株式会社　木曽路           8件
  ✓ 7119 株式会社ハルメクホールディングス  16件
  ✓ 7745 株式会社Ａ＆Ｄホロンホールディン  58件
  ✓ 6932 株式会社遠藤照明          20件
  ✓ 7912 大日本印刷株式会社         20件
  ✓ 8138 三京化成株式会社          16件
  ✓ 3634 株式会社ソケッツ           6件
  ✓ 6777 ｓａｎｔｅｃ　Ｈｏｌｄｉｎｇｓ株  16件
  ✓ 3676 株式会社デジタルハーツホールディ  16件
  ✓ 6523 ＰＨＣホールディングス株式会社   20件
  ✓ 2158 株式会社ＦＲＯＮＴＥＯ       20件
  ✓ 9069 センコーグループホールディングス  16件
  ✓ 2001 株式会社ニップン          16件
  ✓ 4977 新田ゼラチン株式会社         8件
  ✓ 6424 株式会社高見沢サイバネティックス   8件
  ✓ 6951 日本電子株式会社          20件
  ✓ 6616 トレックス・セミコンダクター株式  24件
  ✓ 7525 リックス株式会社          40件
  ✓ 9073 京極運輸商事株式会社        28件
  ✓ 3291 飯田グループホールディングス株式  32件
  ✓ 8616 東海東京フィナンシャル・ホールデ   6件
  ✓ 6203 豊和工業株式会社          16件
  ✓ 4552 ＪＣＲファーマ株式会社        8件
  ✓ 9360 鈴与シンワート株式会社       16件
  ✓ 1929 日特建設株式会社           8件
  ✓ 6158 株式会社和井田製作所         8件
  ✓ 4914 高砂香料工業株式会社        24件
  ✓ 7238 曙ブレーキ工業株式会社       32件
  ✓ 7235 東京ラヂエーター製造株式会社    20件
  ✓ 7438 コンドーテック株式会社       24件
  ✓ 3937 株式会社Ｕｂｉｃｏｍホールディン  16件
  ✓ 7040 株式会社サン・ライフホールディン  20件
  ✓ 6418 日本金銭機械株式会社        24件
  ✓ 7551 株式会社ウェッズ          24件
  ✓ 8111 株式会社ゴールドウイン        8件
  ✓ 6955 ＦＤＫ株式会社           16件
  ✓ 6096 株式会社レアジョブ         16件
  ✓ 7844 株式会社マーベラス         20件
  ✓ 9691 株式会社両毛システムズ       16件
  ✓ 9110 ＮＳユナイテッド海運株式会社    16件
  ✓ 6305 日立建機株式会社          16件
  ✓ 4685 株式会社菱友システムズ        8件
  ✓ 5901 東洋製罐グループホールディングス  28件
  ✓ 3753 株式会社フライトソリューションズ  10件
  ✓ 3101 東洋紡株式会社           16件
  ✓ 9960 東テク株式会社           12件
  ✓ 2933 株式会社紀文食品          20件
  ✓ 6493 株式会社ＮＩＴＴＡＮ        16件
  ✓ 6753 シャープ株式会社          20件
  ✓ 5133 株式会社テリロジーホールディング   8件
  ✓ 3042 株式会社セキュアヴェイル      16件
  ✓ 1832 株式会社北海電工           6件
  ✓ 2108 日本甜菜製糖株式会社        28件
  ✓ 4366 ダイトーケミックス株式会社     16件
  ✓ 7791 ドリームベッド株式会社        6件
  ✓ 8596 株式会社九州リースサービス     28件
  ✓ 4323 日本システム技術株式会社      20件
  ✓ 2782 株式会社セリア            6件
  ✓ 8995 株式会社誠建設工業         18件
  ✓ 9310 日本トランスシティ株式会社     12件
  ✓ 1888 若築建設株式会社          16件
  ✓ 4491 コンピューターマネージメント株式   8件
  ✓ 5974 中国工業株式会社          24件
  ✓ 6111 旭精機工業株式会社         14件
  ✓ 5285 株式会社ヤマックス         16件
  ✓ 6155 高松機械工業株式会社        20件
  ✓ 7955 クリナップ株式会社          8件
  ✓ 3317 株式会社フライングガーデン      6件
  ✓ 9301 三菱倉庫株式会社          10件
  ✓ 3107 ダイワボウホールディングス株式会  12件
  ✓ 256A 飛島ホールディングス株式会社    20件
  ✓ 1826 佐田建設株式会社          14件
  ✓ 5480 日本冶金工業株式会社         8件
  ✓ 5357 株式会社　ヨータイ         16件
  ✓ 4887 サワイグループホールディングス株   8件
  ✓ 6768 株式会社タムラ製作所        20件
  ✓ 7271 株式会社安永            20件
  ✓ 7345 株式会社アイ・パートナーズフィナ   8件
  ✓ 7482 株式会社シモジマ          20件
  ✓ 3113 株式会社ＵＮＩＶＡ・Ｏａｋホール  26件
  ✓ 5210 日本山村硝子株式会社        24件
  ✓ 6335 株式会社東京機械製作所        8件
  ✓ 1793 株式会社大本組           14件
  ✓ 6419 株式会社マースグループホールディ  12件
  ✓ 3435 サンコーテクノ株式会社       16件
  ✓ 6651 日東工業株式会社          20件
  ✓ 6467 株式会社ニチダイ          20件
  ✓ 4341 西菱電機株式会社          16件
  ✓ 7521 株式会社ムサシ           24件
  ✓ 9508 九州電力株式会社          18件
  ✓ 3537 昭栄薬品株式会社          20件
  ✓ 4676 株式会社フジ・メディア・ホールデ  16件
  ✓ 9385 株式会社ショーエイコーポレーショ  16件
  ✓ 3512 日本フエルト株式会社        16件
  ✓ 7898 株式会社ウッドワン         16件
  ✓ 9503 関西電力株式会社          24件
  ✓ 5268 旭コンクリート工業株式会社     14件
  ✓ 6222 株式会社島精機製作所        20件
  ✓ 2425 株式会社ケアサービス        10件
  ✓ 6823 リオン株式会社           20件
  ✓ 9075 福山通運株式会社          24件
  ✓ 6844 新電元工業株式会社         20件
  ✓ 9312 ケイヒン株式会社          16件
  ✓ 2483 株式会社翻訳センター        20件
  ✓ 5729 日本精鉱株式会社          16件
  ✓ 1799 第一建設工業株式会社        14件
  ✓ 5602 株式会社栗本鐵工所         20件
  ✓ 9616 株式会社共立メンテナンス      28件
  ✓ 2984 ヤマイチエステート株式会社     20件
  ✓ 2902 太陽化学株式会社          20件
  ✓ 4409 東邦化学工業株式会社        24件
  ✓ 4212 積水樹脂株式会社           8件
  ✓ 6390 株式会社加藤製作所         16件
  ✓ 2908 フジッコ株式会社           8件
  ✓ 9502 中部電力株式会社          12件
  ✓ 6367 ダイキン工業株式会社        16件
  ✓ 9994 株式会社やまや           16件
  ✓ 4021 日産化学株式会社          28件
  ✓ 5232 住友大阪セメント株式会社      28件
  ✓ 3771 株式会社システムリサーチ       8件
  ✓ 3431 宮地エンジニアリンググループ株式  16件
  ✓ 3569 セーレン株式会社          28件
  ✓ 1812 鹿島建設株式会社          28件
  ✓ 8052 椿本興業株式会社          24件
  ✓ 6727 株式会社ワコム           16件
  ✓ 8920 株式会社　東　祥           8件
  ✓ 9507 四国電力株式会社          28件
  ✓ 7140 ペットゴー株式会社         14件
  ✓ 9990 株式会社サックスバーホールディン   8件
  ✓ 5834 ＳＢＩリーシングサービス株式会社   8件
  ✓ 4620 藤倉化成株式会社          28件
  ✓ 6246 株式会社テクノスマート        6件
  ✓ 2790 株式会社ナフコ           12件
  ✓ 7280 株式会社ミツバ           16件
  ✓ 3143 オーウイル株式会社         16件
  ✓ 4496 株式会社コマースＯｎｅホールディ   8件
  ✓ 9845 株式会社パーカーコーポレーション  28件
  ✓ 9986 蔵王産業株式会社           6件
  ✓ 3032 株式会社ゴルフ・ドゥ        22件
  ✓ 2058 株式会社ヒガシマル         12件
  ✓ 7094 株式会社ＮｅｘＴｏｎｅ       20件
  ✓ 7212 株式会社エフテック         20件
  ✓ 3157 ジオリーブグループ株式会社      8件
  ✓ 8115 ムーンバット株式会社        16件
  ✓ 5122 オカモト株式会社          16件
  ✓ 3708 特種東海製紙株式会社        24件
  ✓ 4625 アトミクス株式会社         16件
  ✓ 4100 戸田工業株式会社          16件
  ✓ 3837 アドソル日進株式会社        16件
  ✓ 6849 日本光電工業株式会社        20件
  ✓ 8050 セイコーグループ株式会社      20件
  ✓ 8163 ＳＲＳホールディングス株式会社    8件
  ✓ 5355 日本坩堝株式会社          20件
  ✓ 285A キオクシアホールディングス株式会   8件
  ✓ 1802 株式会社大林組           28件
  ✓ 6334 明治機械株式会社          16件
  ✓ 9076 セイノーホールディングス株式会社  24件
  ✓ 8207 テンアライド株式会社         8件
  ✓ 3817 株式会社ＳＲＡホールディングス   20件
  ✓ 2981 株式会社ランディックス       16件
  ✓ 5923 高田機工株式会社          14件
  ✓ 7867 株式会社タカラトミー        28件
  ✓ 3773 株式会社アドバンスト・メディア    8件
  ✓ 5801 古河電気工業株式会社        24件
  ✓ 7562 株式会社安楽亭           16件
  ✓ 9501 東京電力ホールディングス株式会社  28件
  ✓ 8803 平和不動産株式会社         16件
  ✓ 4534 持田製薬株式会社           8件
  ✓ 3346 ヒロタグループホールディングス株  16件
  ✓ 5713 住友金属鉱山株式会社        12件
  ✓ 9048 名古屋鉄道株式会社         18件
  ✓ 6307 サンセイ株式会社          16件
  ✓ 4462 石原ケミカル株式会社        24件
  ✓ 7011 三菱重工業株式会社         14件
  ✓ 6245 株式会社ヒラノテクシード      16件
  ✓ 6538 株式会社ディスラプターズ      16件
  ✓ 6508 株式会社明電舎           28件
  ✓ 6347 株式会社プラコー          16件
  ✓ 5189 櫻護謨株式会社           20件
  ✓ 5958 三洋工業株式会社          16件
  ✓ 8025 株式会社ツカモトコーポレーション  28件
  ✓ 5976 高周波熱錬株式会社         16件
  ✓ 9996 株式会社サトー商会         16件
  ✓ 8897 ＭＩＲＡＲＴＨホールディングス株  20件
  ✓ 6724 セイコーエプソン株式会社      20件
  ✓ 2179 株式会社成学社           20件
  ✓ 6342 株式会社太平製作所         20件
  ✓ 8066 三谷商事株式会社          20件
  ✓ 7991 マミヤ・オーピー株式会社      20件
  ✓ 5870 株式会社ナルネットコミュニケーシ   6件
  ✓ 8802 三菱地所株式会社          18件
  ✓ 9304 澁澤倉庫株式会社          10件
  ✓ 7950 日本デコラックス株式会社      14件
  ✓ 6912 菊水ホールディングス株式会社     8件
  ✓ 7523 アールビバン株式会社         8件
  ✓ 6855 日本電子材料株式会社        16件
  ✓ 2117 ウェルネオシュガー株式会社     16件
  ✓ 7902 株式会社ソノコム           6件
  ✓ 7224 新明和工業株式会社         28件
  ✓ 7122 近畿車輛株式会社          16件
  ✓ 2415 ヒューマンホールディングス株式会   8件
  ✓ 368A 株式会社北里コーポレーション     8件
  ✓ 167A リョーサン菱洋ホールディングス株  16件
  ✓ 9818 大丸エナウィン株式会社       20件
  ✓ 3845 株式会社アイフリークモバイル    14件
  ✓ 8129 東邦ホールディングス株式会社    20件
  ✓ 8071 東海エレクトロニクス株式会社    28件
  ✓ 9033 広島電鉄株式会社          16件
  ✓ 4102 丸尾カルシウム株式会社        8件
  ✓ 4098 チタン工業株式会社         16件
  ✓ 1827 株式会社ナカノフドー建設      32件
  ✓ 6744 能美防災株式会社          20件
  ✓ 8089 ナイス株式会社           16件
  ✓ 6229 株式会社オーケーエム         8件
  ✓ 2221 岩塚製菓株式会社           8件
  ✓ 6286 靜甲株式会社            28件
  ✓ 9713 株式会社ロイヤルホテル        8件
  ✓ 7284 盟和産業株式会社          16件
  ✓ 7694 株式会社いつも            8件
  ✓ 2281 プリマハム株式会社         16件
  ✓ 5290 株式会社ベルテクスコーポレーショ  22件
  ✓ 6666 リバーエレテック株式会社       8件
  ✓ 9401 株式会社ＴＢＳホールディングス   20件
  ✓ 4078 堺化学工業株式会社         48件
  ✓ 4483 株式会社ＪＭＤＣ          16件
  ✓ 2207 株式会社ｍｅｉｔｏ         20件
  ✓ 9003 相鉄ホールディングス株式会社    14件
  ✓ 3598 山喜株式会社            20件
  ✓ 9256 株式会社サクシード         14件
  ✓ 4771 株式会社エフアンドエム       28件
  ✓ 3407 旭化成株式会社           20件
  ✓ 8708 アイザワ証券グループ株式会社     6件
  ✓ 336A ダイナミックマッププラットフォー  16件
  ✓ 6923 スタンレー電気株式会社       20件
  ✓ 6822 大井電気株式会社          16件
  ✓ 7717 株式会社ブイ・テクノロジー     16件
  ✓ 5410 合同製鐵株式会社          16件
  ✓ 4624 イサム塗料株式会社         12件
  ✓ 8023 ＤＡＩＫＯ　ＸＴＥＣＨ株式会社    8件
  ✓ 7634 株式会社星医療酸器         28件
  ✓ 7231 トピー工業株式会社         16件
  ✓ 6237 株式会社イワキ            8件
  ✓ 5757 株式会社ＣＫサンエツ        20件
  ✓ 1946 株式会社トーエネック        16件
  ✓ 3002 グンゼ株式会社           24件
  ✓ 1930 北陸電気工事株式会社         8件
  ✓ 3779 ジェイ・エスコムホールディングス  19件
  ✓ 9407 株式会社ＲＫＢ毎日ホールディング  24件
  ✓ 6864 株式会社エヌエフホールディングス   8件
  ✓ 1515 日鉄鉱業株式会社          28件
  ✓ 3467 アグレ都市デザイン株式会社     20件
  ✓ 9017 新潟交通株式会社          32件
  ✓ 4966 上村工業株式会社           8件
  ✓ 2264 森永乳業株式会社          12件
  ✓ 5715 古河機械金属株式会社        36件
  ✓ 1867 株式会社植木組           20件
  ✓ 5269 日本コンクリート工業株式会社    20件
  ✓ 1811 株式会社錢高組           16件
  ✓ 5609 日本鋳造株式会社           6件
  ✓ 6918 株式会社アバールデータ       14件
  ✓ 1807 株式会社佐藤渡辺           8件
  ✓ 9115 明海グループ株式会社        20件
  ✓ 4417 グローバルセキュリティエキスパー   8件
  ✓ 6806 ヒロセ電機株式会社         16件
  ✓ 6623 愛知電機株式会社          20件
  ✓ 4558 株式会社中京医薬品         18件
  ✓ 7874 レック株式会社            8件
  ✓ 1945 株式会社東京エネシス        10件
  ✓ 8869 明和地所株式会社          16件
  ✓ 7911 ＴＯＰＰＡＮホールディングス株式  20件
  ✓ 4265 Ｉｎｓｔｉｔｕｔｉｏｎ　ｆｏｒ　  20件
  ✓ 5342 ジャニス工業株式会社         8件
  ✓ 6772 東京コスモス電機株式会社      16件
  ✓ 6926 岡谷電機産業株式会社        24件
  ✓ 5408 株式会社中山製鋼所         20件
  ✓ 3023 ラサ商事株式会社          32件
  ✓ 9644 株式会社タナベコンサルティンググ   8件
  ✓ 2269 明治ホールディングス株式会社    16件
  ✓ 5981 東京製綱株式会社          28件
  ✓ 6810 マクセル株式会社          24件
  ✓ 9936 株式会社王将フードサービス      8件
  ✓ 4894 クオリプス株式会社          8件
  ✓ 1934 株式会社ユアテック         12件
  ✓ 5940 不二サッシ株式会社         24件
  ✓ 9362 兵機海運株式会社          14件
  ✓ 9880 イノテック株式会社         20件
  ✓ 6675 サクサ株式会社            8件
  ✓ 6776 天昇電気工業株式会社        20件
  ✓ 4042 東ソー株式会社           24件
  ✓ 9355 株式会社リンコーコーポレーション  24件
  ✓ 4926 株式会社シーボン           8件
  ✓ 7090 株式会社リグア           16件
  ✓ 7749 メディキット株式会社         8件
  ✓ 8043 スターゼン株式会社          8件
  ✓ 1926 ライト工業株式会社         12件
  ✓ 4990 昭和化学工業株式会社         8件
  ✓ 6059 株式会社ウチヤマホールディングス  24件
  ✓ 8898 株式会社センチュリー２１・ジャパ   4件
  ✓ 6695 株式会社キャストリコ         3件
  ✓ 9997 株式会社ベルーナ          36件
  ✓ 3489 株式会社フェイスネットワーク    16件
  ✓ 8938 グローム・ホールディングス株式会  16件
  ✓ 4436 株式会社ミンカブ・ジ・インフォノ  16件
  ✓ 3289 東急不動産ホールディングス株式会  24件
  ✓ 3979 株式会社うるる           31件
  ✓ 9513 電源開発株式会社          16件
  ✓ 8999 グランディハウス株式会社      20件
  ✓ 6436 アマノ株式会社           16件
  ✓ 3183 ウイン・パートナーズ株式会社     8件
  ✓ 6485 前澤給装工業株式会社        12件
  ✓ 5956 トーソー株式会社          12件
  ✓ 2148 アイティメディア株式会社      16件
  ✓ 3542 株式会社ベガコーポレーション     6件
  ✓ 6707 サンケン電気株式会社         8件
  ✓ 5033 株式会社ヌーラボ           8件
  ✓ 3182 オイシックス・ラ・大地株式会社   24件
  ✓ 5021 コスモエネルギーホールディングス  24件
  ✓ 9780 株式会社ハリマビステム        8件
  ✓ 4598 ＤｅｌｔａーＦｌｙ　Ｐｈａｒｍａ   4件
  ✓ 7127 株式会社一家ホールディングス    20件
  ✓ 195A 株式会社ＭＵＳＣＡＴ　ＧＲＯＵＰ   8件
  ✓ 9445 株式会社フォーバルテレコム     20件
  ✓ 9409 株式会社テレビ朝日ホールディング  20件
  ✓ 9799 旭情報サービス株式会社        6件
  ✓ 1904 大成温調株式会社          24件
  ✓ 9311 アサガミ株式会社          20件
  ✓ 5253 カバー株式会社            6件
  ✓ 4416 株式会社Ｔｒｕｅ　Ｄａｔａ      6件
  ✓ 3825 株式会社リミックスポイント     24件
  ✓ 9505 北陸電力株式会社          16件
  ✓ 6185 ＳＭＮ株式会社            8件
  ✓ 9605 東映株式会社            28件
  ✓ 5706 三井金属株式会社          24件
  ✓ 7111 ＩＮＥＳＴ株式会社          8件
  ✓ 3109 シキボウ株式会社          24件
  ✓ 4288 株式会社アズジェント         6件
  ✓ 9843 株式会社ニトリホールディングス   16件
  ✓ 9735 セコム株式会社           32件
  ✓ 8699 ＨＳホールディングス株式会社    14件
  ✓ 7276 株式会社小糸製作所         28件
  ✓ 2673 夢みつけ隊株式会社         20件
  ✓ 6659 株式会社メディアリンクス       8件
  ✓ 3442 株式会社ＭＩＥコーポレーション    8件
  ✓ 5121 藤倉コンポジット株式会社      20件
  ✓ 1443 技研ホールディングス株式会社    20件
  ✓ 6794 フォスター電機株式会社       20件
  ✓ 7318 セレンディップ・ホールディングス  20件
  ✓ 9887 株式会社松屋フーズホールディング   8件
  ✓ 6981 株式会社村田製作所         16件
  ✓ 3929 ソーシャルワイヤー株式会社      8件
  ✓ 4275 株式会社カーリット         24件
  ✓ 7734 理研計器株式会社           8件
  ✓ 8801 三井不動産株式会社         24件
  ✓ 160A 株式会社アズパートナーズ      14件
  ✓ 9204 スカイマーク株式会社         4件
  ✓ 8306 株式会社三菱ＵＦＪフィナンシャル   4件
  ✓ 2137 株式会社光ハイツ・ヴェラス      6件
  ✓ 3395 株式会社サンマルクホールディング  12件
  ✓ 6479 ミネベアミツミ株式会社       20件
  ✓ 6549 ディーエムソリューションズ株式会  20件
  ✓ 2224 株式会社コモ             8件
  ✓ 9408 株式会社ＢＳＮメディアホールディ  20件
  ✓ 9012 秩父鉄道株式会社          14件
  ✓ 8830 住友不動産株式会社         24件
  ✓ 5983 イワブチ株式会社           8件
  ✓ 5016 ＪＸ金属株式会社          20件
  ✓ 6941 山一電機株式会社          20件
  ✓ 7537 丸文株式会社            20件
  ✓ 4901 富士フイルムホールディングス株式   4件
  ✓ 5970 株式会社ジーテクト         32件
  ✓ 4386 株式会社ＳＩＧグループ        8件
  ✓ 1975 株式会社朝日工業社         16件
  ✓ 5258 株式会社トランザクション・メディ   8件
  ✓ 1938 日本リーテック株式会社       20件
  ✓ 6804 ホシデン株式会社          20件
  ✓ 6588 東芝テック株式会社         16件
  ✓ 8084 株式会社ＲＹＯＤＥＮ        24件
  ✓ 2877 日東ベスト株式会社          8件
  ✓ 4975 株式会社ＪＣＵ           16件
  ✓ 9223 株式会社ＡＳＮＯＶＡ        18件
  ✓ 6380 オリエンタルチエン工業株式会社   20件
  ✓ 4686 株式会社ジャストシステム       8件
  ✓ 429A テクセンドフォトマスク株式会社    8件
  ✓ 1951 エクシオグループ株式会社      20件
  ✓ 8097 三愛オブリ株式会社         28件
  ✓ 7217 株式会社テイン            8件
  ✓ 8218 株式会社コメリ            8件
  ✓ 5029 サークレイス株式会社        16件
  ✓ 3010 ポラリス・ホールディングス株式会  16件
  ✓ 2998 クリアル株式会社           8件
  ✓ 1982 日比谷総合設備株式会社       20件
  ✓ 6875 株式会社メガチップス         8件
  ✓ 3799 キーウェアソリューションズ株式会  20件
  ✓ 6420 ガリレイ株式会社           8件
  ✓ 4028 石原産業株式会社          16件
  ✓ 3962 株式会社チェンジホールディングス  16件
  ✓ 3741 株式会社セック            6件
  ✓ 6306 日工株式会社            28件
  ✓ 6209 リケンＮＰＲ株式会社        20件
  ✓ 520A ジェイファーマ株式会社        4件
  ✓ 7695 株式会社交換できるくん       16件
  ✓ 9268 株式会社オプティマスグループ    28件
  ✓ 3600 株式会社フジックス         16件
  ✓ 3104 富士紡ホールディングス株式会社   20件
  ✓ 9856 株式会社ケーユーホールディングス  16件
  ✓ 9906 藤井産業株式会社          20件
  ✓ 4256 株式会社サインド           8件
  ✓ 5161 西川ゴム工業株式会社        24件
  ✓ 6800 株式会社ヨコオ           24件
  ✓ 4040 南海化学株式会社          16件
  ✓ 2585 株式会社ライフドリンク　カンパニ   8件
  ✓ 5103 昭和ホールディングス株式会社    24件
  ✓ 4671 株式会社ファルコホールディングス  20件
  ✓ 2980 ＳＲＥホールディングス株式会社   12件
  ✓ 8511 日本証券金融株式会社        12件
  ✓ 475A 株式会社ギミック           6件
  ✓ 9082 大和自動車交通株式会社       24件
  ✓ 5252 日本ナレッジ株式会社         8件
  ✓ 6357 三精テクノロジーズ株式会社     20件
  ✓ 5393 ニチアス株式会社          28件
  ✓ 6360 株式会社　東京自働機械製作所    14件
  ✓ 7794 株式会社イーディーピー        8件
  ✓ 9853 株式会社銀座ルノアール        8件
  ✓ 6343 フリージア・マクロス株式会社    20件
  ✓ 9753 アイエックス・ナレッジ株式会社    8件
  ✓ 9969 株式会社ショクブン          6件
  ✓ 4118 株式会社カネカ           24件
  ✓ 5288 アジアパイルホールディングス株式  16件
  ✓ 9896 ＪＫホールディングス株式会社    16件
  ✓ 5973 株式会社トーアミ          16件
  ✓ 4231 タイガースポリマー株式会社     24件
  ✓ 7987 ナカバヤシ株式会社         20件
  ✓ 8742 株式会社小林洋行          18件
  ✓ 3123 サイボー株式会社          24件
  ✓ 5658 日亜鋼業株式会社          24件
  ✓ 2286 林兼産業株式会社          16件
  ✓ 8137 サンワテクノス株式会社       20件
  ✓ 8416 株式会社高知銀行          10件
  ✓ 6850 株式会社チノー           20件
  ✓ 9380 東海運株式会社           24件
  ✓ 2349 株式会社エヌアイデイ         8件
  ✓ 9365 トレーディア株式会社        14件
  ✓ 1380 株式会社秋川牧園          16件
  ✓ 7483 株式会社ドウシシャ         16件
  ✓ 5962 浅香工業株式会社          14件
  ✓ 3877 中越パルプ工業株式会社       16件
  ✓ 4521 科研製薬株式会社          16件
  ✓ 6140 旭ダイヤモンド工業株式会社      8件
  ✓ 7567 株式会社栄電子            8件
  ✓ 6022 株式会社　赤阪鐵工所         6件
  ✓ 9782 株式会社ディーエムエス       26件
  ✓ 8006 ユアサ・フナショク株式会社     20件
  ✓ 6134 株式会社ＦＵＪＩ          16件
  ✓ 3941 レンゴー株式会社          24件
  ✓ 4998 フマキラー株式会社         20件
  ✓ 9643 中日本興業株式会社         18件
  ✓ 6417 株式会社三共            20件
  ✓ 4274 細谷火工株式会社          14件
  ✓ 4247 ポバール興業株式会社        16件
  ✓ 6292 株式会社カワタ           24件
  ✓ 5192 三ツ星ベルト株式会社        20件
  ✓ 7887 南海プライウッド株式会社      20件
  ✓ 3055 株式会社ほくやく・竹山ホールディ  28件
  ✓ 5444 大和工業株式会社          24件
  ✓ 6317 株式会社北川鉄工所         24件
  ✓ 7508 株式会社Ｇ‐７ホールディングス   20件
  ✓ 9220 エフビー介護サービス株式会社    16件
  ✓ 6919 ケル株式会社             8件
  ✓ 9511 沖縄電力株式会社          16件
  ✓ 6147 株式会社ヤマザキ          16件
  ✓ 2922 株式会社なとり           16件
  ✓ 3640 株式会社電算            16件
  ✓ 1810 松井建設株式会社          16件
  ✓ 7990 グローブライド株式会社       24件
  ✓ 8152 ソマール株式会社          20件
  ✓ 8091 ニチモウ株式会社          32件
  ✓ 7464 セフテック株式会社          8件
  ✓ 4559 ゼリア新薬工業株式会社       16件
  ✓ 8219 青山商事株式会社          32件
  ✓ 4064 日本カーバイド工業株式会社     24件
  ✓ 6643 株式会社戸上電機製作所       20件
  ✓ 7185 ヒロセ通商株式会社          6件
  ✓ 2681 株式会社ゲオホールディングス     8件
  ✓ 6378 木村化工機株式会社         20件
  ✓ 6018 阪神内燃機工業株式会社        6件
  ✓ 6393 油研工業株式会社          20件
  ✓ 7822 永大産業株式会社          16件
  ✓ 9930 北沢産業株式会社          16件
  ✓ 4629 大伸化学株式会社           8件
  ✓ 3577 東海染工株式会社          32件
  ✓ 5261 リソルホールディングス株式会社   32件
  ✓ 8226 株式会社　理経           20件
  ✓ 2307 株式会社クロスキャット        8件
  ✓ 2819 エバラ食品工業株式会社       16件
  ✓ 3465 ケイアイスター不動産株式会社    16件
  ✓ 9854 愛眼株式会社            18件
  ✓ 5391 株式会社エーアンドエーマテリアル  16件
  ✓ 4678 株式会社　秀英予備校        20件
  ✓ 2201 森永製菓株式会社          20件
  ✓ 6495 株式会社宮入バルブ製作所       6件
  ✓ 4092 日本化学工業株式会社         8件
  ✓ 3774 株式会社インターネットイニシアテ  16件
  ✓ 2531 宝ホールディングス株式会社     20件
  ✓ 9928 株式会社ミロク情報サービス      8件
  ✓ 9761 東海リース株式会社          8件
  ✓ 3447 信和株式会社             8件
  ✓ 6351 株式会社鶴見製作所         24件
  ✓ 5918 瀧上工業株式会社          28件
  ✓ 4464 株式会社ソフト９９コーポレーショ  24件
  ✓ 2911 旭松食品株式会社           8件
  ✓ 6457 グローリー株式会社         24件
  ✓ 7932 株式会社ニッピ           32件
  ✓ 5941 株式会社　中西製作所        14件
  ✓ 2055 日和産業株式会社          16件
  ✓ 543A ＡＲＣＨＩＯＮ株式会社        2件
  ✓ 7602 株式会社レダックス         16件
  ✓ 6771 池上通信機株式会社          8件
  ✓ 8881 株式会社日神グループホールディン  20件
  ✓ 5915 株式会社駒井ハルテック       24件
  ✓ 5233 太平洋セメント株式会社       24件
  ✓ 1808 株式会社　長谷工コーポレーション  24件
  ✓ 5922 那須電機鉄工株式会社        16件
  ✓ 4628 エスケー化研株式会社        16件
  ✓ 3840 パス株式会社            36件
  ✓ 9068 丸全昭和運輸株式会社        10件
  ✓ 6392 株式会社　ヤマダコーポレーション  28件
  ✓ 7502 株式会社プラザホールディングス   16件
  ✓ 3375 株式会社ＺＯＡ           14件
  ✓ 9635 武蔵野興業株式会社         24件
  ✓ 6989 北陸電気工業株式会社        16件
  ✓ 6407 ＣＫＤ株式会社           16件
  ✓ 1905 株式会社テノックス         20件
  ✓ 6718 アイホン株式会社          23件
  ✓ 5579 株式会社ＧＳＩ           16件
  ✓ 6125 株式会社岡本工作機械製作所     16件
  ✓ 5936 東洋シヤッター株式会社        8件
  ✓ 5975 東プレ株式会社           16件
  ✓ 7192 日本モーゲージサービス株式会社   12件
  ✓ 4403 日油株式会社            20件
  ✓ 8147 株式会社トミタ           20件
  ✓ 6517 デンヨー株式会社          24件
  ✓ 7021 株式会社ニッチツ          24件
  ✓ 6648 株式会社かわでん           6件
  ✓ 5905 日本製罐株式会社          16件
  ✓ 4492 株式会社ゼネテック         20件
  ✓ 6986 双葉電子工業株式会社        12件
  ✓ 5603 虹技株式会社            20件
  ✓ 6247 株式会社日阪製作所         14件
  ✓ 2440 株式会社ぐるなび           8件
  ✓ 1853 株式会社　森組           18件
  ✓ 9202 ＡＮＡホールディングス株式会社   24件
  ✓ 1882 東亜道路工業株式会社        16件
  ✓ 7461 株式会社キムラ           28件
  ✓ 6994 株式会社指月電機製作所       16件
  ✓ 7571 株式会社ヤマノホールディングス   16件
  ✓ 4234 株式会社サンエー化研        20件
  ✓ 4167 株式会社ココペリ           8件
  ✓ 7570 橋本総業ホールディングス株式会社  16件
  ✓ 9007 小田急電鉄株式会社         12件
  ✓ 9767 日建工学株式会社          16件
  ✓ 9327 株式会社イー・ロジット        6件
  ✓ 4720 株式会社城南進学研究社       16件
  ✓ 8841 株式会社テーオーシー        16件
  ✓ 4387 株式会社ＺＵＵ           16件
  ✓ 3069 株式会社　ＪＦＬＡホールディング  20件
  ✓ 3936 株式会社グローバルウェイ      20件
  ✓ 5237 株式会社ノザワ            8件
  ✓ 1878 大東建託株式会社          24件
  ✓ 8104 クワザワホールディングス株式会社  24件
  ✓ 6346 キクカワエンタープライズ株式会社   6件
  ✓ 9254 株式会社ラバブルマーケティンググ   8件
  ✓ 5142 アキレス株式会社          20件
  ✓ 2329 株式会社東北新社          24件
  ✓ 366A ウェルネス・コミュニケーションズ  10件
  ✓ 4347 ブロードメディア株式会社      26件
  ✓ 4316 株式会社ビーマップ          8件
  ✓ 4116 大日精化工業株式会社        20件
  ✓ 6023 ダイハツインフィニアース株式会社  16件
  ✓ 3370 株式会社フジタコーポレーション   20件
  ✓ 6647 森尾電機株式会社          16件
  ✓ 2435 株式会社シダー           20件
  ✓ 7444 ハリマ共和物産株式会社        8件
  ✓ 2737 株式会社トーメンデバイス      16件
  ✓ 4664 株式会社アール・エス・シー     16件
  ✓ 6507 シンフォニアテクノロジー株式会社  24件
  ✓ 7060 ギークス株式会社          20件
  ✓ 5947 リンナイ株式会社          32件
  ✓ 8281 ゼビオホールディングス株式会社    8件
  ✓ 7735 株式会社ＳＣＲＥＥＮホールディン  24件
  ✓ 9171 栗林商船株式会社          20件
  ✓ 3106 倉敷紡績株式会社          28件
  ✓ 3103 ユニチカ株式会社          20件
  ✓ 6750 エレコム株式会社           8件
  ✓ 9363 株式会社大運            14件
  ✓ 3954 昭和パックス株式会社        24件
  ✓ 6846 株式会社中央製作所         18件
  ✓ 8542 株式会社トマト銀行          8件
  ✓ 2654 株式会社アスモ           28件
  ✓ 9402 中部日本放送株式会社        16件
  ✓ 9790 福井コンピュータホールディングス  22件
  ✓ 6803 ティアック株式会社         16件
  ✓ 2376 株式会社　サイネックス       28件
  ✓ 3315 日本コークス工業株式会社      20件
  ✓ 1723 日本電技株式会社          16件
  ✓ 6836 ぷらっとホーム株式会社        8件
  ✓ 7885 タカノ株式会社           28件
  ✓ 1491 中外鉱業株式会社          16件
  ✓ 9867 ソレキア株式会社          20件
  ✓ 6655 東洋電機株式会社          20件
  ✓ 2003 日東富士製粉株式会社        20件
  ✓ 8086 ニプロ株式会社           20件
  ✓ 7414 小野建株式会社           20件
  ✓ 9051 センコン物流株式会社        14件
  ✓ 4719 株式会社アルファシステムズ     10件
  ✓ 9791 株式会社ビケンテクノ        28件
  ✓ 6620 宮越ホールディングス株式会社     6件
  ✓ 5363 東京窯業株式会社          24件
  ✓ 9359 伊勢湾海運株式会社          8件
  ✓ 3945 スーパーバッグ株式会社       16件
  ✓ 6626 ＳＥＭＩＴＥＣ株式会社       24件
  ✓ 3849 日本テクノ・ラボ株式会社      18件
  ✓ 6391 株式会社加地テック          6件
  ✓ 8836 株式会社ＲＩＳＥ          16件
  ✓ 7018 内海造船株式会社          12件
  ✓ 1861 株式会社　熊谷組          20件
  ✓ 6190 株式会社フェニックスバイオ      8件
  ✓ 3583 オーベクス株式会社         16件
  ✓ 2916 仙波糖化工業株式会社         8件
  ✓ 2433 株式会社博報堂ＤＹホールディング   6件
  ✓ 5821 平河ヒューテック株式会社       8件
  ✓ 8037 カメイ株式会社           36件
  ✓ 1719 株式会社安藤・間          16件
  ✓ 7564 株式会社ワークマン          6件
  ✓ 9364 株式会社上組             6件
  ✓ 7780 株式会社メニコン          12件
  ✓ 7722 国際計測器株式会社         28件
  ✓ 9036 東部ネットワーク株式会社      16件
  ✓ 5607 中央可鍛工業株式会社        16件
  ✓ 6384 株式会社昭和真空          16件
  ✓ 5273 三谷セキサン株式会社        16件
  ✓ 1879 新日本建設株式会社         16件
  ✓ 3096 株式会社オーシャンシステム     24件
  ✓ 6837 株式会社京写            28件
  ✓ 7937 株式会社ツツミ            6件
  ✓ 1869 名工建設株式会社           8件
  ✓ 6368 オルガノ株式会社          12件
  ✓ 3692 株式会社ＦＦＲＩセキュリティ    16件
  ✓ 3863 日本製紙株式会社          24件
  ✓ 1968 太平電業株式会社          12件
  ✓ 6964 株式会社サンコー           8件
  ✓ 8850 スターツコーポレーション株式会社  40件
  ✓ 6962 株式会社大真空           32件
  ✓ 8145 中部水産株式会社          18件
  ✓ 7003 株式会社三井Ｅ＆Ｓ         24件
  ✓ 7118 株式会社伸和ホールディングス    20件
  ✓ 6145 ＮＩＴＴＯＫＵ株式会社       16件
  ✓ 5945 天龍製鋸株式会社          28件
  ✓ 5071 株式会社ヴィス           16件
  ✓ 4041 日本曹達株式会社          28件
  ✓ 3388 明治電機工業株式会社         8件
  ✓ 7458 株式会社第一興商          20件
  ✓ 4193 株式会社ファブリカホールディング  24件
  ✓ 2395 株式会社新日本科学         12件
  ✓ 7443 横浜魚類株式会社          14件
  ✓ 1736 株式会社　オーテック        16件
  ✓ 3034 クオールホールディングス株式会社  20件
  ✓ 6371 株式会社椿本チエイン        24件
  ✓ 9769 株式会社学究社           16件
  ✓ 4367 広栄化学株式会社           6件
  ✓ 6331 三菱化工機株式会社         20件
  ✓ 4651 株式会社サニックスホールディング  20件
  ✓ 5902 ホッカンホールディングス株式会社  20件
  ✓ 2378 株式会社ルネサンス          8件
  ✓ 7726 黒田精工株式会社          20件
  ✓ 6998 日本タングステン株式会社      16件
  ✓ 4410 ハリマ化成グループ株式会社     24件
  ✓ 1814 大末建設株式会社           8件
  ✓ 8119 株式会社三栄コーポレーション    20件
  ✓ 9733 株式会社ナガセ           24件
  ✓ 6408 小倉クラッチ株式会社        16件
  ✓ 2112 塩水港精糖株式会社         16件
  ✓ 6969 松尾電機株式会社          14件
  ✓ 1981 株式会社協和日成          22件
  ✓ 7877 永大化工株式会社          16件
  ✓ 6775 株式会社ＴＢグループ        16件
  ✓ 6617 株式会社東光高岳          24件
  ✓ 8747 豊トラスティ証券株式会社       6件
  ✓ 9034 南総通運株式会社          16件
  ✓ 9537 北陸瓦斯株式会社          32件
  ✓ 4762 株式会社エックスネット        6件
  ✓ 9158 株式会社シーユーシー        24件
  ✓ 9687 株式会社ＫＳＫ           20件
  ✓ 5445 東京鐵鋼株式会社          12件
  ✓ 9063 岡山県貨物運送株式会社       10件
  ✓ 5852 株式会社アーレスティ        28件
  ✓ 9633 東京テアトル株式会社        20件
  ✓ 5202 日本板硝子株式会社         20件
  ✓ 4095 日本パーカライジング株式会社    20件
  ✓ 2323 株式会社ｆｏｎｆｕｎ         4件
  ✓ 6993 大黒屋ホールディングス株式会社   16件
  ✓ 8935 株式会社ＦＪネクストホールディン  24件
  ✓ 2594 キーコーヒー株式会社        16件
  ✓ 7795 株式会社ＫＹＯＲＩＴＳＵ      24件
  ✓ 3865 北越コーポレーション株式会社    16件
  ✓ 8030 中央魚類株式会社          24件
  ✓ 6907 ジオマテック株式会社         6件
  ✓ 3926 株式会社オープンドア         8件
  ✓ 5612 日本鋳鉄管株式会社         16件
  ✓ 9433 ＫＤＤＩ株式会社          16件
  ✓ 8139 株式会社ナガホリ          20件
  ✓ 7974 任天堂株式会社            8件
  ✓ 7731 株式会社ニコン           28件
  ✓ 5334 日本特殊陶業株式会社        16件
  ✓ 4594 ブライトパス・バイオ株式会社     6件
  ✓ 1375 ユキグニファクトリー株式会社    12件
  ✓ 6625 ＪＡＬＣＯホールディングス株式会  19件
  ✓ 9517 イーレックス株式会社         8件
  ✓ 9206 株式会社スターフライヤー       4件
  ✓ 8769 株式会社アドバンテッジリスクマネ  10件
  ✓ 1514 住石ホールディングス株式会社    20件
  ✓ 438A 株式会社インフキュリオン      20件
  ✓ 4179 株式会社ジーネクスト         4件
  ✓ 2586 株式会社フルッタフルッタ       6件
  ✓ 7550 株式会社ゼンショーホールディング  36件
  ✓ 8039 築地魚市場株式会社         20件
  ✓ 332A ミーク株式会社            4件
  ✓ 4661 株式会社オリエンタルランド     16件
  ✓ 2540 養命酒製造株式会社         14件
  ✓ 8771 イー・ギャランティ株式会社      8件
  ✓ 2831 はごろもフーズ株式会社        8件
  ✓ 9956 株式会社バローホールディングス   20件
  ✓ 4800 オリコン株式会社          22件
  ✓ 2413 エムスリー株式会社         32件
  ✓ 6786 株式会社ＲＶＨ           20件
  ✓ 5491 日本金属株式会社          16件
  ✓ 2138 クルーズ株式会社          16件
  ✓ 6599 エブレン株式会社           8件
  ✓ 9065 山九株式会社            16件
  ✓ 7951 ヤマハ株式会社           12件
  ✓ 9006 京浜急行電鉄株式会社        14件
  ✓ 3068 株式会社ＷＤＩ           26件
  ✓ 7042 株式会社アクセスグループ・ホール  20件
  ✓ 6890 株式会社フェローテック       12件
  ✓ 6615 ユー・エム・シー・エレクトロニク   8件
  ✓ 9831 株式会社ヤマダホールディングス   24件
  ✓ 2915 ケンコーマヨネーズ株式会社     16件
  ✓ 6113 株式会社アマダ           16件
  ✓ 1379 ホクト株式会社           24件
  ✓ 7162 アストマックス株式会社       15件
  ✓ 4093 東邦アセチレン株式会社       24件
  ✓ 6644 大崎電気工業株式会社        20件
  ✓ 5660 神鋼鋼線工業株式会社        20件
  ✓ 6736 サン電子株式会社          21件
  ✓ 9357 名港海運株式会社          16件
  ✓ 5162 株式会社朝日ラバー         16件
  ✓ 6092 株式会社エンバイオ・ホールディン  20件
  ✓ 3896 阿波製紙株式会社           8件
  ✓ 6925 ウシオ電機株式会社         24件
  ✓ 5621 株式会社ヒューマンテクノロジーズ   8件
  ✓ 7102 日本車輌製造株式会社         8件
  ✓ 8473 ＳＢＩホールディングス株式会社    4件
  ✓ 8118 株式会社　キング          20件
  ✓ 3923 株式会社ラクス           16件
  ✓ 6482 ＹＵＳＨＩＮ株式会社        24件
  ✓ 3844 コムチュア株式会社          8件
  ✓ 7638 株式会社ＮＥＷ　ＡＲＴ　ＨＯＬＤ  24件
  ✓ 2326 デジタルアーツ株式会社        8件
  ✓ 3360 シップヘルスケアホールディングス  20件
  ✓ 9788 株式会社ナック           28件
  ✓ 6525 株式会社ＫＯＫＵＳＡＩ　ＥＬＥＣ   8件
  ✓ 7368 表示灯株式会社            6件
  ✓ 7677 株式会社ヤシマキザイ        16件
  ✓ 2139 株式会社中広             8件
  ✓ 9130 共栄タンカー株式会社         6件
  ✓ 6193 バーチャレクス・ホールディングス  16件
  ✓ 3392 デリカフーズホールディングス株式  24件
  ✓ 9229 株式会社サンウェルズ         6件
  ✓ 6943 ＮＫＫスイッチズ株式会社      20件
  ✓ 4488 ＡＩ　ｉｎｓｉｄｅ株式会社      6件
  ✓ 3864 三菱製紙株式会社          20件
  ✓ 6365 株式会社電業社機械製作所       8件
  ✓ 7091 株式会社リビングプラットフォーム   8件
  ✓ 7254 株式会社ユニバンス         16件
  ✓ 3910 株式会社エムケイシステム      16件
  ✓ 7367 株式会社セルム           16件
  ✓ 6364 株式会社ＡＩＲＭＡＮ        16件
  ✓ 1780 株式会社　ヤマウラ         20件
  ✓ 2976 日本グランデ株式会社        20件
  ✓ 5262 日本ヒューム株式会社        20件
  ✓ 5939 株式会社大谷工業          12件
  ✓ 2393 株式会社日本ケアサプライ       8件
  ✓ 6074 株式会社ジェイエスエス        8件
  ✓ 3861 王子ホールディングス株式会社    24件
  ✓ 6952 カシオ計算機株式会社        16件
  ✓ 6862 ミナトホールディングス株式会社   20件
  ✓ 4047 関東電化工業株式会社        28件
  ✓ 6997 日本ケミコン株式会社        12件
  ✓ 4960 ケミプロ化成株式会社        14件
  ✓ 5858 株式会社ＳＴＧ            8件
  ✓ 3422 株式会社　Ｊ－ＭＡＸ        20件
  ✓ 3880 大王製紙株式会社          16件
  ✓ 6904 原田工業株式会社          24件
  ✓ 7715 長野計器株式会社          24件
  ✓ 9272 ブティックス株式会社        12件
  ✓ 7621 株式会社うかい           18件
  ✓ 9348 株式会社ｉｓｐａｃｅ         8件
  ✓ 4046 株式会社大阪ソーダ         24件
  ✓ 6513 株式会社オリジン          24件
  ✓ 6358 酒井重工業株式会社         24件
  ✓ 7297 株式会社カーメイト         16件
  ✓ 7277 株式会社ＴＢＫ           24件
  ✓ 7129 ミアヘルサホールディングス株式会  20件
  ✓ 4205 日本ゼオン株式会社         16件
  ✓ 9074 日本石油輸送株式会社        24件
  ✓ 7133 ＨＹＵＧＡ　ＰＲＩＭＡＲＹ　ＣＡ  20件
  ✓ 6144 西部電機株式会社          20件
  ✓ 7860 エイベックス株式会社        20件
  ✓ 8144 株式会社デンキョーグループホール  20件
  ✓ 3762 テクマトリックス株式会社      20件
  ✓ 3079 ディーブイエックス株式会社      6件
  ✓ 2928 ＲＩＺＡＰグループ株式会社     20件
  ✓ 6584 三櫻工業株式会社          28件
  ✓ 7916 光村印刷株式会社          20件
  ✓ 6257 株式会社藤商事            8件
  ✓ 7087 株式会社ウイルテック        32件
  ✓ 331A 株式会社メディックス         4件
  ✓ 6867 リーダー電子株式会社         8件
  ✓ 6137 小池酸素工業株式会社        20件
  ✓ 6248 株式会社横田製作所          6件
  ✓ 4570 株式会社免疫生物研究所       16件
  ✓ 3641 株式会社パピレス          15件
  ✓ 2924 イフジ産業株式会社         20件
  ✓ 6439 中日本鋳工株式会社          6件
  ✓ 8135 ゼット株式会社            8件
  ✓ 7771 日本精密株式会社          20件
  ✓ 4008 住友精化株式会社          16件
  ✓ 8225 株式会社タカチホ          32件
  ✓ 9739 ＮＳＷ株式会社           24件
  ✓ 4222 児玉化学工業株式会社        16件
  ✓ 6333 株式会社ＴＥＩＫＯＫＵ        8件
  ✓ 3953 大村紙業株式会社           6件
  ✓ 9766 コナミグループ株式会社       14件
  ✓ 6676 株式会社バッファロー         8件
  ✓ 9035 第一交通産業株式会社        32件
  ✓ 3504 株式会社丸八ホールディングス    16件
  ✓ 6942 株式会社ソフィアホールディングス  20件
  ✓ 3529 アツギ株式会社           16件
  ✓ 7868 株式会社広済堂ホールディングス   28件
  ✓ 3932 株式会社アカツキ          18件
  ✓ 6832 アオイ電子株式会社          8件
  ✓ 6494 株式会社ＮＦＫホールディングス   14件
  ✓ 9336 大栄環境株式会社          12件
  ✓ 3561 株式会社力の源ホールディングス    8件
  ✓ 7114 株式会社フーディソン         8件
  ✓ 4680 株式会社ラウンドワン        16件
  ✓ 3750 株式会社ＡＤＲ１２０Ｓ        8件
  ✓ 7255 株式会社　桜井製作所        16件
  ✓ 1921 株式会社　巴コーポレーション    16件
  ✓ 2432 株式会社ディー・エヌ・エー     28件
  ✓ 7413 株式会社創健社            8件
  ✓ 5287 株式会社イトーヨーギョー      18件
  ✓ 9081 神奈川中央交通株式会社       20件
  ✓ 6961 株式会社エンプラス         24件
  ✓ 5247 株式会社ＢＴＭ            8件
  ✓ 3803 イメージ情報開発株式会社      16件
  ✓ 6824 新コスモス電機株式会社        8件
  ✓ 2666 株式会社　オートウェーブ      14件
  ✓ 7062 株式会社フレアス          20件
  ✓ 3591 株式会社ワコールホールディングス   8件
  ✓ 5356 美濃窯業株式会社          24件
  ✓ 6282 オイレス工業株式会社        24件
  ✓ 9989 株式会社サンドラッグ        16件
  ✓ 7746 岡本硝子株式会社          20件
  ✓ 3851 株式会社日本一ソフトウェア     16件
  ✓ 4119 株式会社日本ピグメントホールディ  20件
  ✓ 1992 神田通信機株式会社         20件
  ✓ 6070 キャリアリンク株式会社       16件
  ✓ 6996 ニチコン株式会社          16件
  ✓ 3694 株式会社オプティム         16件
  ✓ 3358 Ｔｒａｉｌｈｅａｄ　Ｇｌｏｂａｌ  10件
  ✓ 8835 太平洋興発株式会社         28件
  ✓ 4623 株式会社アサヒペン         22件
  ✓ 3133 株式会社海帆            20件
  ✓ 4360 株式会社マナック・ケミカル・パー  20件
  ✓ 6819 伊豆シャボテンリゾート株式会社   20件
  ✓ 2162 ｎｍｓホールディングス株式会社   20件
  ✓ 6857 株式会社アドバンテスト       16件
  ✓ 5644 株式会社メタルアート         8件
  ✓ 5985 サンコール株式会社         24件
  ✓ 7343 ブロードマインド株式会社      16件
  ✓ 4444 株式会社インフォネット        8件
  ✓ 6138 ダイジェット工業株式会社       8件
  ✓ 7820 ニホンフラッシュ株式会社      16件
  ✓ 9723 株式会社京都ホテル          6件
  ✓ 9685 ＫＹＣＯＭホールディングス株式会  24件
  ✓ 6218 エンシュウ株式会社         16件
  ✓ 4437 ｇｏｏｄｄａｙｓホールディングス  16件
  ✓ 5388 クニミネ工業株式会社        20件
  ✓ 6580 株式会社ライトアップ        12件
  ✓ 7555 株式会社大田花き           8件
  ✓ 6787 株式会社メイコー           8件
  ✓ 548A 株式会社システムエグゼ        8件
  ✓ 1384 株式会社　ホクリヨウ         6件
  ✓ 9849 株式会社共同紙販ホールディングス  20件
  ✓ 6273 ＳＭＣ株式会社            8件
  ✓ 7383 株式会社ネットプロテクションズホ   8件
  ✓ 3477 フォーライフ株式会社        14件
  ✓ 6545 株式会社インターネットインフィニ  16件
  ✓ 6637 寺崎電気産業株式会社        20件
  ✓ 3175 株式会社エー・ピーホールディング  20件
  ✓ 4662 株式会社フォーカスシステムズ    22件
  ✓ 1866 北野建設株式会社          24件
  ✓ 7463 株式会社アドヴァン         16件
  ✓ 1892 徳倉建設株式会社           8件
  ✓ 5280 ヨシコン株式会社          24件
  ✓ 4801 セントラルスポーツ株式会社      8件
  ✓ 9009 京成電鉄株式会社          16件
  ✓ 8123 川辺株式会社            16件
  ✓ 9072 ニッコンホールディングス株式会社  24件
  ✓ 7317 株式会社松屋アールアンドディ    16件
  ✓ 6702 富士通株式会社           14件
  ✓ 477A 株式会社スタートライン       10件
  ✓ 7067 ブランディングテクノロジー株式会  16件
  ✓ 6412 株式会社平和            16件
  ✓ 5592 株式会社くすりの窓口         8件
  ✓ 8766 東京海上ホールディングス株式会社   4件
  ✓ 7046 ＴＤＳＥ株式会社           6件
  ✓ 6042 株式会社ニッキ           12件
  ✓ 3199 綿半ホールディングス株式会社    20件
  ✓ 5802 住友電気工業株式会社        28件
  ✓ 6960 フクダ電子株式会社         24件
  ✓ 5194 相模ゴム工業株式会社        16件
  ✓ 2764 株式会社ひらまつ           8件
  ✓ 8698 マネックスグループ株式会社      4件
  ✓ 7247 株式会社ミクニ           20件
  ✓ 6629 テクノホライゾン株式会社      16件
  ✓ 7918 株式会社ヴィア・ホールディングス   8件
  ✓ 4571 ＮＡＮＯホールディングス株式会社   8件
  ✓ 4978 株式会社リプロセル         16件
  ✓ 7273 株式会社イクヨ           12件
  ✓ 7416 株式会社はるやまホールディングス   8件
  ✓ 7953 菊水化学工業株式会社         8件
  ✓ 7946 株式会社光陽社            8件
  ✓ 7374 株式会社コンフィデンス・インター  16件
  ✓ 1711 株式会社ＳＤＳホールディングス   16件
  ✓ 7078 ＩＮＣＬＵＳＩＶＥ　Ｈｏｌｄｉｎ  22件
  ✓ 3661 株式会社エムアップホールディング  16件
  ✓ 5707 東邦亜鉛株式会社          26件
  ✓ 6072 地盤ネットホールディングス株式会  16件
  ✓ 2467 株式会社ＶＬＣセキュリティ      8件
  ✓ 7084 株式会社Ｓｍｉｌｅ　Ｈｏｌｄｉｎ   8件
  ✓ 3909 株式会社ショーケース        24件
  ✓ 7239 株式会社タチエス          30件
  ✓ 330A 株式会社ＴａｌｅｎｔＸ        4件
  ✓ 7851 カワセコンピュータサプライ株式会  14件
  ✓ 5571 エキサイトホールディングス株式会  24件
  ✓ 4425 Ｋｕｄａｎ株式会社          8件
  ✓ 6428 株式会社オーイズミ         24件
  ✓ 6195 株式会社ホープ           16件
  ✓ 7565 萬世電機株式会社          20件
  ✓ 2146 ＵＴグループ株式会社        26件
  ✓ 7709 クボテック株式会社         16件
  ✓ 7980 株式会社　重松製作所         6件
  ✓ 7426 株式会社　山大           20件
  ✓ 3059 ヒラキ株式会社           20件
  ✓ 7399 株式会社ナンシン          20件
  ✓ 3156 株式会社レスター          28件
  ✓ 7490 日新商事株式会社          20件
  ✓ 5966 京都機械工具株式会社        16件
  ✓ 2763 株式会社エフティグループ      16件
  ✓ 3224 株式会社ゼネラル・オイスター    26件
  ✓ 7872 エステールホールディングス株式会  20件
  ✓ 9423 株式会社フォーバル・リアルストレ   4件
  ✓ 2656 株式会社ベクターホールディングス  14件
  ✓ 7031 株式会社インバウンドテック     16件
  ✓ 3409 株式会社北紡            19件
  ✓ 3293 アズマハウス株式会社        24件
  ✓ 6356 日本ギア工業株式会社        14件
  ✓ 7524 マルシェ株式会社           6件
  ✓ 7462 株式会社ＣＡＰＩＴＡ        12件
  ✓ 3205 株式会社ダイドーリミテッド     16件
  ✓ 7538 株式会社大水            16件
  ✓ 7721 東京計器株式会社          24件
  ✓ 3521 テルマー湯ホールディングス株式会  18件
  ✓ 5482 愛知製鋼株式会社          24件
  ✓ 7522 ワタミ株式会社           28件
  ✓ 6699 ダイヤモンドエレクトリックホール  20件
  ✓ 549A ヒトトヒトホールディングス株式会   8件
  ✓ 7863 株式会社平賀             6件
  ✓ 7836 アビックス株式会社         16件
  ✓ 8105 Ｂｉｔｃｏｉｎ　Ｊａｐａｎ株式会  24件
  ✓ 9435 株式会社光通信           36件
  ✓ 6564 株式会社ミダックホールディングス  20件
  ✓ 2479 株式会社ジェイテック        12件
  ✓ 263A 株式会社デジタルキューブ       8件
  ✓ 8141 新光商事株式会社          20件
  ✓ 6298 ワイエイシイホールディングス株式  20件
  ✓ 6166 株式会社中村超硬          24件
  ✓ 6405 鈴茂器工株式会社           8件
  ✓ 9890 株式会社マキヤ           14件
  ✓ 3011 株式会社バナーズ          20件
  ✓ 9760 株式会社　進学会ホールディングス  24件
  ✓ 2340 株式会社　極楽湯ホールディングス   8件
  ✓ 3646 株式会社駅探            20件
  ✓ 3628 株式会社データホライゾン       8件
  ✓ 254A ＡＩフュージョンキャピタルグルー  18件
  ✓ 7187 ジェイリース株式会社        20件
  ✓ 7578 株式会社ニチリョク          8件
  ✓ 8518 日本アジア投資株式会社        6件
  ✓ 3858 株式会社ユビキタスＡＩ       16件
  ✓ 4814 ネクストウェア株式会社       16件
  ✓ 4584 キッズウェル・バイオ株式会社     8件
  ✓ 6104 芝浦機械株式会社          20件
  ✓ 3905 データセクション株式会社      16件
  ✓ 2894 石井食品株式会社           8件
  ✓ 6574 株式会社コンヴァノ         24件
  ✓ 7985 ネポン株式会社           16件
  ✓ 3925 株式会社ダブルスタンダード      8件
  ✓ 8725 ＭＳ＆ＡＤインシュアランスグルー   4件
  ✓ 4240 クラスターテクノロジー株式会社   10件
  ✓ 5471 大同特殊鋼株式会社         28件
  ✓ 6706 電気興業株式会社          16件
  ✓ 9085 北海道中央バス株式会社       28件
  ✓ 2321 株式会社ソフトフロントホールディ  12件
  ✓ 9060 日本ロジテム株式会社        12件
  ✓ 4650 ＳＤエンターテイメント株式会社   12件
  ✓ 5721 エスクリプトエナジー株式会社    20件
  ✓ 9610 ウィルソン・ラーニング　ワールド  27件
  ✓ 6840 株式会社ＡＫＩＢＡホールディング  20件
  ✓ 6562 株式会社ジーニー          20件
  ✓ 554A 株式会社バトンズ           6件
  ✓ 7886 ヤマト　モビリティ　＆　Ｍｆｇ．  20件
  ✓ 2134 北浜キャピタルパートナーズ株式会  12件
  ✓ 6069 トレンダーズ株式会社        18件
  ✓ 147A 株式会社ソラコム           8件
  ✓ 4667 アイサンテクノロジー株式会社    16件
  ✓ 7363 株式会社ベビーカレンダー      14件
  ✓ 7138 株式会社ＴＯＲＩＣＯ        12件
  ✓ 8154 加賀電子株式会社          24件
  ✓ 7256 河西工業株式会社          24件
  ✓ 1447 ＳＡＡＦホールディングス株式会社  24件
  ✓ 8746 ｕｎｂａｎｋｅｄ株式会社      16件
  ✓ 3686 株式会社ディー・エル・イー      8件
  ✓ 1909 日本ドライケミカル株式会社      8件
  ✓ 6579 ログリー株式会社           8件
  ✓ 2334 株式会社イオレ           10件
  ✓ 5484 東北特殊鋼株式会社         16件
  ✓ 8136 株式会社サンリオ          28件
  ✓ 3933 チエル株式会社           20件
  ✓ 4750 株式会社ダイサン          14件
  ✓ 7488 株式会社ヤガミ           20件
  ✓ 4026 神島化学工業株式会社        14件
  ✓ 6656 インスペック株式会社         6件
  ✓ 2923 サトウ食品株式会社          8件
  ✓ 556A 犬猫生活株式会社           6件
  ✓ 2593 株式会社伊藤園           16件
  ✓ 5971 株式会社共和工業所          8件
  ✓ 3031 株式会社ラクーンホールディングス  16件
  ✓ 1873 株式会社日本ハウスホールディング  16件
  ✓ 7901 株式会社マツモト           6件
  ✓ 3444 株式会社菊池製作所          8件
  ✓ 7777 株式会社スリー・ディー・マトリッ   8件
  ✓ 1436 株式会社グリーンエナジー＆カンパ   8件
  ✓ 4382 ＨＥＲＯＺ株式会社         16件
  ✓ 3524 日東製網株式会社          16件
  ✓ 2294 株式会社柿安本店          28件
  ✓ 441A ＮＥ株式会社            18件
  ✓ 2438 株式会社アスカネット        20件
  ✓ 436A サイバーソリューションズ株式会社   3件
  ✓ 3134 Ｈａｍｅｅ株式会社         16件
  ✓ 1766 東建コーポレーション株式会社    16件
  ✓ 3180 株式会社ビューティガレージ     20件
  ✓ 272A 株式会社グリーンクロスホールディ   8件
  ✓ 2910 株式会社ロック・フィールド      8件
  ✓ 215A 株式会社タイミー          10件
  ✓ 5032 ＡＮＹＣＯＬＯＲ株式会社       6件
  ✓ 7095 株式会社Ｍａｃｂｅｅ　Ｐｌａｎｅ  12件
  ✓ 500A 株式会社ＴＯブックス         6件
  ✓ 7435 株式会社ナ・デックス        24件
  ✓ 2502 アサヒグループホールディングス株  20件
  ✓ 3361 株式会社トーエル          16件
  ✓ 7604 株式会社　梅の花グループ      20件
  ✓ 3329 東和フードサービス株式会社      6件
  ✓ 2751 株式会社テンポスホールディングス  20件
  ✓ 4431 株式会社スマレジ           8件
  ✓ 9627 株式会社アインホールディングス   16件
  ✓ 186A 株式会社アストロスケールホールデ   8件
  ✓ 324A 株式会社ブッキングリゾート      6件
  ✓ 5079 株式会社ノバック          16件
  ✓ 3903 株式会社ｇｕｍｉ          16件
  ✓ 7050 株式会社フロンティアインターナシ   8件
  ✓ 184A 株式会社学びエイド          6件
  ✓ 3161 アゼアス株式会社          20件
  ✓ 391A 株式会社山忠            20件
  ✓ 2678 アスクル株式会社          16件
  ✓ 3823 ＴＨＥ　ＷＨＹ　ＨＯＷ　ＤＯ　Ｃ  29件
  ✓ 9444 株式会社トーシンホールディングス  20件
  ✓ 4088 エア・ウォーター株式会社      24件

1806件を処理（3437.7秒）

============================================================
カバレッジレポート
============================================================
  対象書類      3,826
  抽出成功      3,826 (100.0%)
  抽出0件       0
  銘柄数        3,815
  取得量        3.22 GB

  会計基準:
    jp                        3528 (92.2%)
    ifrs                       298 (7.8%)

  連結/単体:
    連結                        3317 (86.7%)
    単体のみ                       509 (13.3%)

  ファクト数:
    平均 15.0 / 中央値 16
    最小 2 / 最大 58

  セグメント検出: 2,577/3,826 社 (67.4%)
    のべ 7,794 事業 / 平均 3.0 事業

  決算期の分布（ファクト数）:
    2022FY                         10
    2023FY                         10
    2024FY                      8,891
    2025FY                     28,672
    2026FY                     19,768

  提出日の範囲  2024-03-28 〜 2026-07-31
  所要時間      130.6 分 / 2.05 秒/社
============================================================
